id,title,authors,publisher,publish_year,language,format,isbn13,tags,collections,projects,location,status,notes,cover_image,added_at,updated_at
1,Jerusalem: Book One: The Boroughs,"Moore, Alan",Liveright,2016,English,Book,9781631492433.0,,,,,to_read,Vol. 1,,2026-02-02T12:39:36.085435,2026-02-02T14:48:18.432323+00:00
2,Jerusalem: Book Two: Mansoul,"Moore, Alan",Liveright,2016,English,Book,9781631492433.0,,,,,to_read,Vol. 2,,2026-02-02T12:39:36.085435,2026-02-02T14:48:19.209074+00:00
3,Jerusalem: Book Three: Vernall’s Inquest,"Moore, Alan",Liveright,2016,English,Book,9781631492433.0,,,,,to_read,Vol. 3,,2026-02-02T12:39:36.085435,2026-02-02T14:48:19.966450+00:00
4,Nausea,"Sartre, Jean-Paul",New Directions,,English,Book,nan,,,,,to_read,,,2026-02-02T12:39:36.085435,2026-02-02T12:39:36.085435
5,Thus Spoke Zarathustra,"Nietzsche, Friedrich",Unknown,,English,Book,nan,,,,,to_read,,,2026-02-02T12:39:36.085435,2026-02-02T12:39:36.085435
6,Beyond Good and Evil,"Nietzsche, Friedrich",Unknown,,English,Book,nan,,,,,to_read,,,2026-02-02T12:39:36.085435,2026-02-02T12:39:36.085435
7,On the Genealogy of Morals,"Nietzsche, Friedrich",Unknown,,English,Book,nan,,,,,to_read,,,2026-02-02T12:39:36.085435,2026-02-02T12:39:36.085435
8,Being and Time,"Heidegger, Martin",Unknown,,English,Book,nan,,,,,to_read,,,2026-02-02T12:39:36.085435,2026-02-02T12:39:36.085435
9,The Question Concerning Technology,"Heidegger, Martin",Unknown,,English,Book,nan,,,,,to_read,,,2026-02-02T12:39:36.085435,2026-02-02T12:39:36.085435
10,Illuminations,"Benjamin, Walter",Schocken,,English,Book,nan,,,,,to_read,,,2026-02-02T12:39:36.085435,2026-02-02T12:39:36.085435
11,Reflections,"Benjamin, Walter",Unknown,,English,Book,nan,,,,,to_read,,,2026-02-02T12:39:36.085435,2026-02-02T12:39:36.085435
12,The Arcades Project,"Benjamin, Walter",Belknap,,English,Book,nan,,,,,to_read,,,2026-02-02T12:39:36.085435,2026-02-02T12:39:36.085435
13,Man on His Own,"Bloch, Ernst",Herder & Herder,,English,Book,nan,,,,,to_read,,,2026-02-02T12:39:36.085435,2026-02-02T12:39:36.085435
14,The Human Condition,"Arendt, Hannah",Unknown,,English,Book,nan,,,,,to_read,,,2026-02-02T12:39:36.085435,2026-02-02T12:39:36.085435
15,Eichmann in Jerusalem,"Arendt, Hannah",Unknown,,English,Book,nan,,,,,to_read,,,2026-02-02T12:39:36.085435,2026-02-02T12:39:36.085435
16,Discipline and Punish,"Foucault, Michel",Unknown,,English,Book,nan,,,,,to_read,,,2026-02-02T12:39:36.085435,2026-02-02T12:39:36.085435
17,The Order of Things,"Foucault, Michel",Unknown,,English,Book,nan,,,,,to_read,,,2026-02-02T12:39:36.085435,2026-02-02T12:39:36.085435
18,Society Must Be Defended,"Foucault, Michel",Unknown,,English,Book,nan,,,,,to_read,,,2026-02-02T12:39:36.085435,2026-02-02T12:39:36.085435
19,Difference and Repetition,"Deleuze, Gilles",Unknown,,English,Book,nan,,,,,to_read,,,2026-02-02T12:39:36.085435,2026-02-02T12:39:36.085435
20,The Logic of Sense,"Deleuze, Gilles",Unknown,,English,Book,nan,,,,,to_read,,,2026-02-02T12:39:36.085435,2026-02-02T12:39:36.085435
21,Cinema 1: The Movement-Image,"Deleuze, Gilles",Unknown,,English,Book,nan,,,,,to_read,,,2026-02-02T12:39:36.085435,2026-02-02T12:39:36.085435
22,Cinema 2: The Time-Image,"Deleuze, Gilles",Unknown,,English,Book,nan,,,,,to_read,,,2026-02-02T12:39:36.085435,2026-02-02T12:39:36.085435
23,Simulacra and Simulation,"Baudrillard, Jean",Unknown,,English,Book,nan,,,,,to_read,,,2026-02-02T12:39:36.085435,2026-02-02T12:39:36.085435
24,The Postmodern Condition,"Lyotard, Jean-François",Unknown,,English,Book,nan,,,,,to_read,,,2026-02-02T12:39:36.085435,2026-02-02T12:39:36.085435
25,The Society of the Spectacle,"Debord, Guy",Unknown,,English,Book,nan,,,,,to_read,,,2026-02-02T12:39:36.085435,2026-02-02T12:39:36.085435
26,Comments on the Society of the Spectacle,"Debord, Guy",Verso,1996,English,Book,9781859840923.0,,,,,to_read,,http://books.google.com/books/content?id=xc7tAAAAMAAJ&printsec=frontcover&img=1&zoom=1&source=gbs_api,2026-02-02T12:39:36.085435,2026-02-02T14:48:21.467451+00:00
27,Homo Sacer,"Agamben, Giorgio",Stanford University Press,2001,English,Book,9780804739214.0,,,,,to_read,,https://covers.openlibrary.org/b/id/5388251-L.jpg,2026-02-02T12:39:36.085435,2026-02-02T14:48:22.362885+00:00
28,State of Exception,"Agamben, Giorgio",University of Chicago Press,2005,English,Book,9780226009243.0,,,,,to_read,,http://books.google.com/books/content?id=NTZBBfnmYowC&printsec=frontcover&img=1&zoom=1&edge=curl&source=gbs_api,2026-02-02T12:39:36.085435,2026-02-02T14:48:24.044160+00:00
29,The Open: Man and Animal,"Agamben, Giorgio",Stanford University Press,2003,English,Book,9780804739993.0,,,,,to_read,,,2026-02-02T12:39:36.085435,2026-02-02T14:48:24.788125+00:00
30,Speed and Politics,"Virilio, Paul",Unknown,,English,Book,9781584350255.0,,,,,to_read,,,2026-02-02T12:39:36.085435,2026-02-02T12:39:36.085435
31,The Vision Machine,"Virilio, Paul",Indiana University Press,1986,English,Book,9780253203993.0,,,,,to_read,,http://books.google.com/books/content?id=WAkocqh61O0C&printsec=frontcover&img=1&zoom=1&edge=curl&source=gbs_api,2026-02-02T12:39:36.085435,2026-02-02T14:48:27.390285+00:00
32,"Gramophone, Film, Typewriter","Kittler, Friedrich",Stanford University Press,1998,English,Book,9780804730990.0,,,,,to_read,,https://covers.openlibrary.org/b/id/3786685-L.jpg,2026-02-02T12:39:36.085435,2026-02-02T14:48:28.212310+00:00
33,Optical Media,"Kittler, Friedrich",Unknown,,English,Book,9780745623320.0,,,,,to_read,,,2026-02-02T12:39:36.085435,2026-02-02T12:39:36.085435
34,Towards a Philosophy of Photography,"Flusser, Vilém",Reaktion Books,2002,English,Book,9781861891454.0,,,,,to_read,,http://books.google.com/books/content?id=xfWdPwAACAAJ&printsec=frontcover&img=1&zoom=1&source=gbs_api,2026-02-02T12:39:36.085435,2026-02-02T14:48:31.042891+00:00
35,The Shape of Things,"Flusser, Vilém",Unknown,,English,Book,9781861891560.0,,,,,to_read,,,2026-02-02T12:39:36.085435,2026-02-02T12:39:36.085435
36,Understanding Media,"McLuhan, Marshall",MIT Press,1994,English,Book,9780262631594.0,,,,,to_read,,https://covers.openlibrary.org/b/id/152095-L.jpg,2026-02-02T12:39:36.085435,2026-02-02T14:48:33.182935+00:00
37,The Medium Is the Massage,"McLuhan, Marshall",Gingko Press,2001,English,Book,9781584230700.0,,,,,to_read,,https://covers.openlibrary.org/b/id/8693554-L.jpg,2026-02-02T12:39:36.085435,2026-02-02T14:48:33.987847+00:00
38,The Technological Society,"Ellul, Jacques",Vintage Books,1964,English,Book,9780394703909.0,,,,,to_read,,https://covers.openlibrary.org/b/id/6293887-L.jpg,2026-02-02T12:39:36.085435,2026-02-02T14:48:34.749905+00:00
39,On the Mode of Existence of Technical Objects,"Simondon, Gilbert",Unknown,2017,English,Book,9781517901648.0,,,,,to_read,,http://books.google.com/books/content?id=qUbsAQAACAAJ&printsec=frontcover&img=1&zoom=1&source=gbs_api,2026-02-02T12:39:36.085435,2026-02-02T14:48:36.335764+00:00
40,"Technics and Time, 1","Stiegler, Bernard",Stanford University Press,2000,English,Book,9780804739917.0,,,,,to_read,,https://covers.openlibrary.org/b/id/5023048-L.jpg,2026-02-02T12:39:36.085435,2026-02-02T14:48:37.099963+00:00
41,Taking Care of Youth and the Generations,"Stiegler, Bernard",Stanford University Press,2001,English,Book,9780804742276.0,,,,,to_read,,https://covers.openlibrary.org/b/id/12158140-L.jpg,2026-02-02T12:39:36.085435,2026-02-02T14:48:37.877270+00:00
42,We Have Never Been Modern,"Latour, Bruno",Harvard University Press,1993,English,Book,9780674948396.0,,,,,to_read,,https://covers.openlibrary.org/b/id/3935337-L.jpg,2026-02-02T12:39:36.085435,2026-02-02T14:48:39.225957+00:00
43,Reassembling the Social,"Latour, Bruno",Oxford University Press,2005,English,Book,9780199256040.0,,,,,to_read,,http://books.google.com/books/content?id=AbQSDAAAQBAJ&printsec=frontcover&img=1&zoom=1&edge=curl&source=gbs_api,2026-02-02T12:39:36.085435,2026-02-02T14:48:40.579843+00:00
44,A Cyborg Manifesto,"Haraway, Donna",Psychology Press,2004,English,Book,9780415966891.0,,,,,to_read,,http://books.google.com/books/content?id=QxUr0gijyGoC&printsec=frontcover&img=1&zoom=1&edge=curl&source=gbs_api,2026-02-02T12:39:36.085435,2026-02-02T14:48:41.924531+00:00
45,Staying with the Trouble,"Haraway, Donna",Duke University Press Books,2016,English,Book,9780822362241.0,,,,,to_read,,https://covers.openlibrary.org/b/id/8897178-L.jpg,2026-02-02T12:39:36.085435,2026-02-02T14:48:42.676706+00:00
46,Capitalist Realism,"Fisher, Mark",Zero Books,2009,English,Book,9781846943171.0,,,,,to_read,,https://covers.openlibrary.org/b/id/6707037-L.jpg,2026-02-02T12:39:36.085435,2026-02-02T14:48:43.431827+00:00
47,The Soul at Work,"Berardi, Franco",Semiotext(e),2010,English,Book,9781584350774.0,,,,,to_read,,https://covers.openlibrary.org/b/id/13630388-L.jpg,2026-02-02T12:39:36.085435,2026-02-02T14:48:44.217668+00:00
48,Futurability,"Berardi, Franco",Simon and Schuster,2012,English,Book,9781780994252.0,,,,,to_read,,http://books.google.com/books/content?id=FwTtBAAAQBAJ&printsec=frontcover&img=1&zoom=1&edge=curl&source=gbs_api,2026-02-02T12:39:36.085435,2026-02-02T14:48:45.625107+00:00
49,After the Future,"Bifo, Franco",Haymarket Books,2012,English,Book,9781608461760.0,,,,,to_read,,http://books.google.com/books/content?id=diZrUEqg4g0C&printsec=frontcover&img=1&zoom=1&edge=curl&source=gbs_api,2026-02-02T12:39:36.085435,2026-02-02T14:48:47.341458+00:00
50,24/7: Late Capitalism and the Ends of Sleep,"Crary, Jonathan",Unknown,2014,English,Book,9781781683124.0,,,,,to_read,,http://books.google.com/books/content?id=DaQ1ngEACAAJ&printsec=frontcover&img=1&zoom=1&source=gbs_api,2026-02-02T12:39:36.085435,2026-02-02T14:48:48.593429+00:00
51,Suspensions of Perception,"Crary, Jonathan",MIT Press,1993,English,Book,9780262531160.0,,,,,to_read,,https://covers.openlibrary.org/b/id/13952979-L.jpg,2026-02-02T12:39:36.085435,2026-02-02T14:48:49.359462+00:00
52,Techniques of the Observer,"Crary, Jonathan",The MIT Press,1992,English,Book,9780262531078.0,,,,,to_read,,https://covers.openlibrary.org/b/id/151265-L.jpg,2026-02-02T12:39:36.085435,2026-02-02T14:48:50.199083+00:00
53,The Age of Surveillance Capitalism,"Zuboff, Shoshana",Public Affairs,2019,English,Book,9781610395694.0,,,,,to_read,,https://covers.openlibrary.org/b/id/10838731-L.jpg,2026-02-02T12:39:36.085435,2026-02-02T14:48:50.948848+00:00
54,Animal Spirits,"Pasquinelli, Matteo",Polity,2017,English,Book,9781509508684.0,,,,,to_read,,http://books.google.com/books/content?id=m1PPDAEACAAJ&printsec=frontcover&img=1&zoom=1&source=gbs_api,2026-02-02T12:39:36.085435,2026-02-02T14:48:52.567546+00:00
55,The Nooscope Manifested,"Pasquinelli, Matteo",Rowman & Littlefield Publishers,2018,English,Book,9781786606258.0,,,,,to_read,,http://books.google.com/books/content?id=afZhEQAAQBAJ&printsec=frontcover&img=1&zoom=1&source=gbs_api,2026-02-02T12:39:36.085435,2026-02-02T14:48:53.889261+00:00
56,Abstract Sex,"Parisi, Luciana",Continuum,2013,English,Book,9780826497536.0,,,,,to_read,,https://covers.openlibrary.org/b/id/12157122-L.jpg,2026-02-02T12:39:36.085435,2026-02-02T14:48:54.654971+00:00
57,Contagious Architecture,"Parisi, Luciana",MIT Press,2008,English,Book,9780262512008.0,,,,,to_read,,,2026-02-02T12:39:36.085435,2026-02-02T14:48:55.432043+00:00
58,How We Became Posthuman,"Hayles, N. Katherine",University of Chicago Press,2024,English,Book,9780226321390.0,,,,,to_read,,http://books.google.com/books/content?id=JqB6Qy9z3TcC&printsec=frontcover&img=1&zoom=1&edge=curl&source=gbs_api,2026-02-02T12:39:36.085435,2026-02-02T14:48:56.928231+00:00
59,Unthought,"Hayles, N. Katherine",University of Chicago Press,2017,English,Book,9780226447915.0,,,,,to_read,,http://books.google.com/books/content?id=1wklDwAAQBAJ&printsec=frontcover&img=1&zoom=1&edge=curl&source=gbs_api,2026-02-02T12:39:36.085435,2026-02-02T14:48:59.158110+00:00
60,On the Existence of Digital Objects,"Hui, Yuk",Univ Of Minnesota Press,2016,English,Book,9780816698912.0,,,,,to_read,,https://covers.openlibrary.org/b/id/8895760-L.jpg,2026-02-02T12:39:36.085435,2026-02-02T14:49:00.350137+00:00
61,Recursivity and Contingency,"Hui, Yuk",Studies in Social and Global Justice,2018,English,Book,9781786605886.0,,,,,to_read,,http://books.google.com/books/content?id=mfZhEQAAQBAJ&printsec=frontcover&img=1&zoom=1&source=gbs_api,2026-02-02T12:39:36.085435,2026-02-02T14:49:01.733792+00:00
62,The Stack,"Bratton, Benjamin",MIT Press,2016,English,Book,9780262035415.0,,,,,to_read,,,2026-02-02T12:39:36.085435,2026-02-02T14:49:02.640914+00:00
63,The Revenge of the Real,"Bratton, Benjamin",Verso Books,2020,English,Book,9781788736854.0,,,,,to_read,,http://books.google.com/books/content?id=YlmSDwAAQBAJ&printsec=frontcover&img=1&zoom=1&edge=curl&source=gbs_api,2026-02-02T12:39:36.085435,2026-02-02T14:49:04.060886+00:00
64,Platform Capitalism,"Srnicek, Nick",Polity,2017,English,Book,9781509504860.0,,,,,to_read,,http://books.google.com/books/content?id=pT4fjwEACAAJ&printsec=frontcover&img=1&zoom=1&source=gbs_api,2026-02-02T12:39:36.085435,2026-02-02T14:49:05.431644+00:00
65,Inventing the Future,"Srnicek, Nick",Verso Books,2015,English,Book,9781784780967.0,,,,,to_read,,http://books.google.com/books/content?id=6OZOEAAAQBAJ&printsec=frontcover&img=1&zoom=1&source=gbs_api,2026-02-02T12:39:36.085435,2026-02-02T14:49:06.831486+00:00
66,Network Culture,"Terranova, Tiziana",Cambridge University Press,1999,English,Book,9780745623733.0,,,,,to_read,,,2026-02-02T12:39:36.085435,2026-02-02T14:49:07.577345+00:00
67,Networks Without a Cause,"Lovink, Geert",Unknown,,English,Book,9780745646992.0,,,,,to_read,,,2026-02-02T12:39:36.085435,2026-02-02T12:39:36.085435
68,Sad by Design,"Lovink, Geert",Polity Press,2013,English,Book,9780745655833.0,,,,,to_read,,,2026-02-02T12:39:36.085435,2026-02-02T14:49:09.505362+00:00
69,Control and Freedom,"Chun, Wendy Hui Kyong",MIT Press,2005,English,Book,9780262532754.0,,,,,to_read,,https://covers.openlibrary.org/b/id/1154478-L.jpg,2026-02-02T12:39:36.085435,2026-02-02T14:49:10.245315+00:00
70,Updating to Remain the Same,"Chun, Wendy Hui Kyong",MIT Press,2016,English,Book,9780262033909.0,,,,,to_read,,,2026-02-02T12:39:36.085435,2026-02-02T14:49:10.981593+00:00
71,Protocol,"Galloway, Alexander",Unknown,,English,Book,9780262572132.0,,,,,to_read,,,2026-02-02T12:39:36.085435,2026-02-02T12:39:36.085435
72,The Interface Effect,"Galloway, Alexander",Polity,2012,English,Book,9780745662527.0,,,,,to_read,,https://covers.openlibrary.org/b/id/14392076-L.jpg,2026-02-02T12:39:36.085435,2026-02-02T14:49:13.093570+00:00
73,Media Ecologies,"Fuller, Matthew",MIT Press,2007,English,Book,9780262062596.0,,,,,to_read,,https://covers.openlibrary.org/b/id/9988864-L.jpg,2026-02-02T12:39:36.085435,2026-02-02T14:49:13.898561+00:00
74,Evil Media,"Fuller, Matthew",MIT Press,2010,English,Book,9780262514408.0,,,,,to_read,,https://covers.openlibrary.org/b/id/11653256-L.jpg,2026-02-02T12:39:36.085435,2026-02-02T14:49:14.618168+00:00
75,The Language of New Media,"Manovich, Lev",MIT Press (MA),2002,English,Book,9780262632553.0,,,,,to_read,,https://covers.openlibrary.org/b/id/7468335-L.jpg,2026-02-02T12:39:36.085435,2026-02-02T14:49:15.425494+00:00
76,Software Takes Command,"Manovich, Lev",Historical Materialism,2018,English,Book,9781608460176.0,,,,,to_read,,http://books.google.com/books/content?id=F_I_tAEACAAJ&printsec=frontcover&img=1&zoom=1&source=gbs_api,2026-02-02T12:39:36.085435,2026-02-02T14:49:16.754005+00:00
77,Cultural Analytics,"Manovich, Lev",MIT Press,2019,English,Book,9780262042741.0,,,,,to_read,,,2026-02-02T12:39:36.085435,2026-02-02T14:49:17.481260+00:00
78,Into the Universe of Technical Images,"Flusser, Vilém",University of Minnesota Press,2008,English,Book,9780816650156.0,,,,,to_read,,https://covers.openlibrary.org/b/id/8707720-L.jpg,2026-02-02T12:39:36.085435,2026-02-02T14:49:18.479380+00:00
79,The Reconfigured Eye,"Mitchell, W. J. T.",MIT Press,1994,English,Book,9780262631594.0,,,,,to_read,,https://covers.openlibrary.org/b/id/152095-L.jpg,2026-02-02T12:39:36.085435,2026-02-02T14:49:19.230968+00:00
80,Iconology,"Mitchell, W. J. T.",University of Chicago Press,2010,English,Book,9780226532383.0,,,,,to_read,,http://books.google.com/books/content?id=0IU9fduDRIMC&printsec=frontcover&img=1&zoom=1&edge=curl&source=gbs_api,2026-02-02T12:39:36.085435,2026-02-02T14:49:20.719892+00:00
81,What Do Pictures Want?,"Mitchell, W. J. T.",University of Chicago Press,1994,English,Book,9780226532314.0,,,,,to_read,,,2026-02-02T12:39:36.085435,2026-02-02T14:49:22.114518+00:00
82,The Information Bomb,"Virilio, Paul",National Geographic Books,2003,English,Book,9781859845492.0,,,,,to_read,,http://books.google.com/books/content?id=NBGREAAAQBAJ&printsec=frontcover&img=1&zoom=1&source=gbs_api,2026-02-02T12:39:36.085435,2026-02-02T14:49:23.413603+00:00
83,The Accident of Art,"Virilio, Paul",Polity Press,2013,English,Book,9780745654744.0,,,,,to_read,,,2026-02-02T12:39:36.085435,2026-02-02T14:49:24.142829+00:00
84,For a New Critique of Political Economy,"Stiegler, Bernard",Polity,2012,English,Book,9780745652788.0,,,,,to_read,,http://books.google.com/books/content?id=JN1FLwEACAAJ&printsec=frontcover&img=1&zoom=1&source=gbs_api,2026-02-02T12:39:36.085435,2026-02-02T14:49:25.638336+00:00
85,"Automatic Society, Vol. 1","Stiegler, Bernard",Polity,2017,English,Book,9781509510304.0,,,,,to_read,,http://books.google.com/books/content?id=JORVtAEACAAJ&printsec=frontcover&img=1&zoom=1&source=gbs_api,2026-02-02T12:39:36.085435,2026-02-02T14:49:27.790666+00:00
86,New Philosophy for New Media,"Hansen, Mark B. N.",The MIT Press,1997,English,Book,9780262581523.0,,,,,to_read,,https://covers.openlibrary.org/b/id/151703-L.jpg,2026-02-02T12:39:36.085435,2026-02-02T14:49:28.745554+00:00
87,Feed-Forward,"Hansen, Mark B. N.",University of Chicago Press,2001,English,Book,9780226348601.0,,,,,to_read,,http://books.google.com/books/content?id=fsffJGkpwVIC&printsec=frontcover&img=1&zoom=1&edge=curl&source=gbs_api,2026-02-02T12:39:36.085435,2026-02-02T14:49:30.408683+00:00
88,Parables for the Virtual,"Massumi, Brian",Duke University Press,2002,English,Book,9780822328797.0,,,,,to_read,,https://covers.openlibrary.org/b/id/4993260-L.jpg,2026-02-02T12:39:36.085435,2026-02-02T14:49:31.202922+00:00
89,Politics of Affect,"Massumi, Brian",Polity Press,2013,English,Book,9780745669182.0,,,,,to_read,,,2026-02-02T12:39:36.085435,2026-02-02T14:49:31.950011+00:00
90,The Three Ecologies,"Guattari, Félix",Duke University Press,1992,English,Book,9780822312734.0,,,,,to_read,,https://covers.openlibrary.org/b/id/5133738-L.jpg,2026-02-02T12:39:36.085435,2026-02-02T14:49:32.789643+00:00
91,Chaosmosis,"Guattari, Félix",Indiana University Press,1995,English,Book,9780253209834.0,,,,,to_read,,http://books.google.com/books/content?id=JTDajkJJA70C&printsec=frontcover&img=1&zoom=1&edge=curl&source=gbs_api,2026-02-02T12:39:36.085435,2026-02-02T14:49:34.171562+00:00
92,The Posthuman,"Braidotti, Rosi",Polity,2013,English,Book,9780745641584.0,,,,,to_read,,https://covers.openlibrary.org/b/id/8558166-L.jpg,2026-02-02T12:39:36.085435,2026-02-02T14:49:34.950237+00:00
93,Nomadic Subjects,"Braidotti, Rosi",Columbia University Press,2005,English,Book,9780231135895.0,,,,,to_read,,http://books.google.com/books/content?id=7MszCgAAQBAJ&printsec=frontcover&img=1&zoom=1&edge=curl&source=gbs_api,2026-02-02T12:39:36.085435,2026-02-02T14:49:36.297338+00:00
94,The Undercommons,"Harney, Stefano",Unknown,2017,English,Book,9781570272527.0,,,,,to_read,,http://books.google.com/books/content?id=MrK9tAEACAAJ&printsec=frontcover&img=1&zoom=1&source=gbs_api,2026-02-02T12:39:36.085435,2026-02-02T14:49:37.683431+00:00
95,Transductions,"Mackenzie, Adrian",Bloomsbury Publishing Plc,2007,English,Book,9780826494016.0,,,,,to_read,,,2026-02-02T12:39:36.085435,2026-02-02T14:49:38.420018+00:00
96,Machine Learners,"Mackenzie, Adrian",The MIT Press,2019,English,Book,9780262039475.0,,,,,to_read,,https://covers.openlibrary.org/b/id/8801638-L.jpg,2026-02-02T12:39:36.085435,2026-02-02T14:49:39.159250+00:00
97,Insect Media,"Parikka, Jussi",University of Minnesota Press,1953,English,Book,9780816662555.0,,,,,to_read,,,2026-02-02T12:39:36.085435,2026-02-02T14:49:39.919158+00:00
98,A Geology of Media,"Parikka, Jussi",Univ Of Minnesota Press,2015,English,Book,9780816695515.0,,,,,to_read,,https://covers.openlibrary.org/b/id/8502625-L.jpg,2026-02-02T12:39:36.085435,2026-02-02T14:49:40.676400+00:00
99,The Costs of Connection,"Couldry, Nick",Unknown,,English,Book,9781509509711.0,,,,,to_read,,,2026-02-02T12:39:36.085435,2026-02-02T12:39:36.085435
100,"Media, Society, World","Couldry, Nick",John Wiley & Sons,2017,English,Book,9781509507274.0,,,,,to_read,,http://books.google.com/books/content?id=zJNNDwAAQBAJ&printsec=frontcover&img=1&zoom=1&edge=curl&source=gbs_api,2026-02-02T12:39:36.085435,2026-02-02T14:49:43.390019+00:00
101,The Mediated Construction of Reality,"Couldry, Nick",Unknown,,English,Book,9781509516726.0,,,,,to_read,,,2026-02-02T12:39:36.085435,2026-02-02T12:39:36.085435
102,Media Rituals,"Couldry, Nick",Psychology Press,2000,English,Book,9780415207000.0,,,,,to_read,,http://books.google.com/books/content?id=TpdB7yCCILwC&printsec=frontcover&img=1&zoom=1&edge=curl&source=gbs_api,2026-02-02T12:39:36.085435,2026-02-02T14:49:46.278226+00:00
103,Publicity's Secret,"Dean, Jodi",Stanford University Press,1999,English,Book,9780804737463.0,,,,,to_read,,https://covers.openlibrary.org/b/id/577782-L.jpg,2026-02-02T12:39:36.085435,2026-02-02T14:49:47.690696+00:00
104,Blog Theory,"Dean, Jodi",Unknown,,English,Book,9780745639970.0,,,,,to_read,,,2026-02-02T12:39:36.085435,2026-02-02T12:39:36.085435
105,Crowds and Party,"Dean, Jodi",Unknown,,English,Book,9781784780448.0,,,,,to_read,,,2026-02-02T12:39:36.085435,2026-02-02T12:39:36.085435
106,Infoglut,"Andrejevic, Mark",Taylor & Francis,2010,English,Book,9780415806227.0,,,,,to_read,,http://books.google.com/books/content?id=wCmZHi6ekAgC&printsec=frontcover&img=1&zoom=1&source=gbs_api,2026-02-02T12:39:36.085435,2026-02-02T14:49:51.736420+00:00
107,Automated Media,"Andrejevic, Mark",Unknown,2016,English,Book,9781138689625.0,,,,,to_read,,http://books.google.com/books/content?id=8rhQjwEACAAJ&printsec=frontcover&img=1&zoom=1&source=gbs_api,2026-02-02T12:39:36.085435,2026-02-02T14:49:53.094764+00:00
108,In the Age of the Smart Machine,"Zuboff, Shoshana",Unknown,,English,Book,9780465046818.0,,,,,to_read,,,2026-02-02T12:39:36.085435,2026-02-02T12:39:36.085435
109,The Black Box Society,"Pasquale, Frank",Harvard University Press,2016,English,Book,9780674970847.0,,,,,to_read,,https://covers.openlibrary.org/b/id/13723407-L.jpg,2026-02-02T12:39:36.085435,2026-02-02T14:49:55.227158+00:00
110,New Laws of Robotics,"Pasquale, Frank",Harvard University Press,2020,English,Book,9780674975224.0,,,,,to_read,,,2026-02-02T12:39:36.085435,2026-02-02T14:49:56.070930+00:00
111,Weapons of Math Destruction,"O'Neil, Cathy",Crown Publishing Group NY,2016,English,Book,9780553418811.0,,,,,to_read,,https://covers.openlibrary.org/b/id/14221322-L.jpg,2026-02-02T12:39:36.085435,2026-02-02T14:49:56.823301+00:00
112,Automating Inequality,"Eubanks, Virginia",St. Martin's Press,2018,English,Book,9781250074317.0,,,,,to_read,,https://covers.openlibrary.org/b/id/8354270-L.jpg,2026-02-02T12:39:36.085435,2026-02-02T14:49:57.585657+00:00
113,Race After Technology,"Benjamin, Ruha",Polity,2019,English,Book,9781509526404.0,,,,,to_read,,http://books.google.com/books/content?id=eMGuuwEACAAJ&printsec=frontcover&img=1&zoom=1&source=gbs_api,2026-02-02T12:39:36.085435,2026-02-02T14:49:59.030238+00:00
114,Algorithms of Oppression,"Noble, Safiya Umoja",New York University Press,2018,English,Book,9781479837243.0,,,,,to_read,,https://covers.openlibrary.org/b/id/12856940-L.jpg,2026-02-02T12:39:36.085435,2026-02-02T14:49:59.849132+00:00
115,Ghost Work,"Gray, Mary L.",Unknown,,English,Book,9780544952734.0,,,,,to_read,,,2026-02-02T12:39:36.085435,2026-02-02T12:39:36.085435
116,Atlas of AI,"Crawford, Kate",Yale University Press,2021,English,Book,9780300209570.0,,,,,to_read,,https://covers.openlibrary.org/b/id/14420722-L.jpg,2026-02-02T12:39:36.085435,2026-02-02T14:50:01.886992+00:00
117,Artificial Unintelligence,"Broussard, Meredith",MITPress,2019,English,Book,9780262537018.0,,,,,to_read,,https://covers.openlibrary.org/b/id/8801657-L.jpg,2026-02-02T12:39:36.085435,2026-02-02T14:50:02.622966+00:00
118,Cloud Ethics,"Amoore, Louise",Edinburgh University Press,2019,English,Book,9781474450287.0,,,,,to_read,,http://books.google.com/books/content?id=EHsxEAAAQBAJ&printsec=frontcover&img=1&zoom=1&edge=curl&source=gbs_api,2026-02-02T12:39:36.085435,2026-02-02T14:50:04.069510+00:00
119,The Politics of Possibility,"Amoore, Louise",Duke University Press,2006,English,Book,9780822337683.0,,,,,to_read,,https://covers.openlibrary.org/b/id/13960997-L.jpg,2026-02-02T12:39:36.085435,2026-02-02T14:50:04.824162+00:00
120,Governing by Algorithms,"Rouvroy, Antoinette",Bloomsbury Publishing PLC,2017,English,Book,9781786603240.0,,,,,to_read,,http://books.google.com/books/content?id=2OPaDwAAQBAJ&printsec=frontcover&img=1&zoom=1&edge=curl&source=gbs_api,2026-02-02T12:39:36.085435,2026-02-02T14:50:06.425379+00:00
121,Discriminating Data,"Chun, Wendy Hui Kyong",MIT Press,2020,English,Book,9780262043960.0,,,,,to_read,,,2026-02-02T12:39:36.085435,2026-02-02T14:50:07.256890+00:00
122,Governing Algorithms,"Ziewitz, Malte",The MIT Press,2019,English,Book,9780262039215.0,,,,,to_read,,https://covers.openlibrary.org/b/id/8801679-L.jpg,2026-02-02T12:39:36.085435,2026-02-02T14:50:08.003798+00:00
123,Metric Power,"Beer, David",Educational Psychology Handbook,2018,English,Book,9781138646604.0,,,,,to_read,,http://books.google.com/books/content?id=4srUtAEACAAJ&printsec=frontcover&img=1&zoom=1&source=gbs_api,2026-02-02T12:39:36.085435,2026-02-02T14:50:09.468447+00:00
124,The Ordinal Society,"Fourcade, Marion",Harvard University Press,2016,English,Book,9780674972872.0,,,,,to_read,,,2026-02-02T12:39:36.085435,2026-02-02T14:50:10.191081+00:00
125,One-Way Street,"Benjamin, Walter",Overture Publishing,2016,English,Book,9781847495945.0,,,,,to_read,,https://covers.openlibrary.org/b/id/14087791-L.jpg,2026-02-02T12:39:36.085435,2026-02-02T14:50:10.924504+00:00
126,Berlin Childhood around 1900,"Benjamin, Walter",Harvard University Press,1992,English,Book,9780674005907.0,,,,,to_read,,https://covers.openlibrary.org/b/id/411740-L.jpg,2026-02-02T12:39:36.085435,2026-02-02T14:50:11.667929+00:00
127,Minima Moralia,"Adorno, Theodor W.",Unknown,,English,Book,9781847493668.0,,,,,to_read,,,2026-02-02T12:39:36.085435,2026-02-02T12:39:36.085435
128,Dialectic of Enlightenment,"Adorno, Theodor W.",Unknown,,English,Book,9780807051231.0,,,,,to_read,,,2026-02-02T12:39:36.085435,2026-02-02T12:39:36.085435
129,Negative Dialectics,"Adorno, Theodor W.",Continuum International Publishing Group,2006,English,Book,9780826492319.0,,,,,to_read,,https://covers.openlibrary.org/b/id/630982-L.jpg,2026-02-02T12:39:36.085435,2026-02-02T14:50:15.252001+00:00
130,Eclipse of Reason,"Horkheimer, Max",Continuum,2009,English,Book,9780826491671.0,,,,,to_read,,,2026-02-02T12:39:36.085435,2026-02-02T14:50:16.061015+00:00
131,One-Dimensional Man,"Marcuse, Herbert",Unknown,,English,Book,9780807015462.0,,,,,to_read,,,2026-02-02T12:39:36.085435,2026-02-02T12:39:36.085435
132,Eros and Civilization,"Marcuse, Herbert",Beacon Press,1974,English,Book,9780807015554.0,,,,,to_read,,http://books.google.com/books/content?id=autxu8JMA1gC&printsec=frontcover&img=1&zoom=1&edge=curl&source=gbs_api,2026-02-02T12:39:36.085435,2026-02-02T14:50:18.825205+00:00
133,An Essay on Liberation,"Marcuse, Herbert",Beacon Press,1979,English,Book,9780807015196.0,,,,,to_read,,http://books.google.com/books/content?id=wKc_DwAAQBAJ&printsec=frontcover&img=1&zoom=1&edge=curl&source=gbs_api,2026-02-02T12:39:36.085435,2026-02-02T14:50:20.194336+00:00
134,Escape from Freedom,"Fromm, Erich",Macmillan,1994,English,Book,9780805031495.0,,,,,to_read,,http://books.google.com/books/content?id=d2g8L1sLykwC&printsec=frontcover&img=1&zoom=1&edge=curl&source=gbs_api,2026-02-02T12:39:36.085435,2026-02-02T14:50:21.578793+00:00
135,The Sane Society,"Fromm, Erich",Henry Holt Books For Young Readers,1994,English,Book,9780805036360.0,,,,,to_read,,,2026-02-02T12:39:36.085435,2026-02-02T14:50:23.070922+00:00
136,Ideology and Ideological State Apparatuses,"Althusser, Louis",Verso Books,2013,English,Book,9781781682356.0,,,,,to_read,,http://books.google.com/books/content?id=nsZNBAAAQBAJ&printsec=frontcover&img=1&zoom=1&edge=curl&source=gbs_api,2026-02-02T12:39:36.085435,2026-02-02T14:50:24.434910+00:00
137,Selections from the Prison Notebooks,"Gramsci, Antonio",International Publishers,1971,English,Book,9780717803972.0,,,,,to_read,,https://covers.openlibrary.org/b/id/6290217-L.jpg,2026-02-02T12:39:36.085435,2026-02-02T14:50:25.185988+00:00
138,History and Class Consciousness,"Lukács, Georg",The MIT Press,1972,English,Book,9780262620208.0,,,,,to_read,,https://covers.openlibrary.org/b/id/151931-L.jpg,2026-02-02T12:39:36.085435,2026-02-02T14:50:25.935639+00:00
139,Television: Technology and Cultural Form,"Williams, Raymond",Psychology Press,2003,English,Book,9780415314562.0,,,,,to_read,,http://books.google.com/books/content?id=52rC7cqfPPEC&printsec=frontcover&img=1&zoom=1&edge=curl&source=gbs_api,2026-02-02T12:39:36.085435,2026-02-02T14:50:27.286510+00:00
140,Marxism and Literature,"Williams, Raymond","Oxford University Press, USA",1979,English,Book,9780198760654.0,,,,,to_read,,,2026-02-02T12:39:36.085435,2026-02-02T14:50:28.650195+00:00
141,Representation,"Hall, Stuart",Sage in association with the Open University,1997,English,Book,9780761954323.0,,,,,to_read,,https://covers.openlibrary.org/b/id/512067-L.jpg,2026-02-02T12:39:36.085435,2026-02-02T14:50:29.385738+00:00
142,Policing the Crisis,"Hall, Stuart",Unknown,,English,Book,9780335239494.0,,,,,to_read,,,2026-02-02T12:39:36.085435,2026-02-02T12:39:36.085435
143,Can the Subaltern Speak?,"Spivak, Gayatri Chakravorty",Columbia University Press,2010,English,Book,9780231143852.0,,,,,to_read,,http://books.google.com/books/content?id=aNJoCQtDUM4C&printsec=frontcover&img=1&zoom=1&edge=curl&source=gbs_api,2026-02-02T12:39:36.085435,2026-02-02T14:50:32.022942+00:00
144,Orientalism,"Said, Edward W.",Vintage Books,2003,English,Book,9780394740676.0,,,,,to_read,,https://covers.openlibrary.org/b/id/14609385-L.jpg,2026-02-02T12:39:36.085435,2026-02-02T14:50:33.737566+00:00
145,Necropolitics,"Mbembe, Achille",Duke University Press Books,2016,English,Book,9780822373995.0,,,,,to_read,,https://covers.openlibrary.org/b/id/14158084-L.jpg,2026-02-02T12:39:36.085435,2026-02-02T14:50:34.496282+00:00
146,Gender Trouble,"Butler, Judith",Unknown,,English,Book,9780415389553.0,,,,,to_read,,,2026-02-02T12:39:36.085435,2026-02-02T12:39:36.085435
147,Bodies That Matter,"Butler, Judith",Taylor & Francis US,2011,English,Book,9780415610152.0,,,,,to_read,,http://books.google.com/books/content?id=Z_9KcAAACAAJ&printsec=frontcover&img=1&zoom=1&source=gbs_api,2026-02-02T12:39:36.085435,2026-02-02T14:50:37.055159+00:00
148,Frames of War,"Butler, Judith",Verso,2009,English,Book,9781844673339.0,,,,,to_read,,https://covers.openlibrary.org/b/id/6920058-L.jpg,2026-02-02T12:39:36.085435,2026-02-02T14:50:37.791026+00:00
149,The Politics of Aesthetics,"Rancière, Jacques",Continuum,2002,English,Book,9780826456403.0,,,,,to_read,,https://covers.openlibrary.org/b/id/11712526-L.jpg,2026-02-02T12:39:36.085435,2026-02-02T14:50:38.636064+00:00
150,Disagreement,"Rancière, Jacques",U of Minnesota Press,2000,English,Book,9780816631651.0,,,,,to_read,,http://books.google.com/books/content?id=lP8kKUKmOwAC&printsec=frontcover&img=1&zoom=1&edge=curl&source=gbs_api,2026-02-02T12:39:36.085435,2026-02-02T14:50:40.015129+00:00
151,The Emancipated Spectator,"Rancière, Jacques",Verso,2012,English,Book,9781844677719.0,,,,,to_read,,https://covers.openlibrary.org/b/id/10439619-L.jpg,2026-02-02T12:39:36.085435,2026-02-02T14:50:40.729755+00:00
152,Distinction,"Bourdieu, Pierre",Harvard University Press,2000,English,Book,9780674212770.0,,,,,to_read,,https://covers.openlibrary.org/b/id/8640181-L.jpg,2026-02-02T12:39:36.085435,2026-02-02T14:50:41.485336+00:00
153,Outline of a Theory of Practice,"Bourdieu, Pierre",Cambridge University Press,1997,English,Book,9780521291644.0,,,,,to_read,,https://covers.openlibrary.org/b/id/9335600-L.jpg,2026-02-02T12:39:36.085435,2026-02-02T14:50:42.316745+00:00
154,The Logic of Practice,"Bourdieu, Pierre",Stanford University Press,1990,English,Book,9780804720116.0,,,,,to_read,,http://books.google.com/books/content?id=YHN8uW49l7AC&printsec=frontcover&img=1&zoom=1&edge=curl&source=gbs_api,2026-02-02T12:39:36.085435,2026-02-02T14:50:43.737523+00:00
155,The Production of Space,"Lefebvre, Henri",Blackwell,1991,English,Book,9780631181774.0,,,,,to_read,,https://covers.openlibrary.org/b/id/7372450-L.jpg,2026-02-02T12:39:36.085435,2026-02-02T14:50:44.495293+00:00
156,Critique of Everyday Life,"Lefebvre, Henri",Verso,2007,English,Book,9781844671458.0,,,,,to_read,,https://covers.openlibrary.org/b/id/2031302-L.jpg,2026-02-02T12:39:36.085435,2026-02-02T14:50:45.200193+00:00
157,The Practice of Everyday Life,"De Certeau, Michel",Cambridge University Press,1985,English,Book,9780521273985.0,,,,,to_read,,,2026-02-02T12:39:36.085435,2026-02-02T14:50:45.966834+00:00
158,The Metropolis and Mental Life,"Simmel, Georg",University of Chicago Press,2008,English,Book,9780226757724.0,,,,,to_read,,http://books.google.com/books/content?id=bk3nq9QBc8sC&printsec=frontcover&img=1&zoom=1&edge=curl&source=gbs_api,2026-02-02T12:39:36.085435,2026-02-02T14:50:47.319662+00:00
159,The Protestant Ethic and the Spirit of Capitalism,"Weber, Max",Psychology Press,2001,English,Book,9780415254066.0,,,,,to_read,,http://books.google.com/books/content?id=8Ecmdbpse4QC&printsec=frontcover&img=1&zoom=1&source=gbs_api,2026-02-02T12:39:36.085435,2026-02-02T14:50:48.744685+00:00
160,The Great Transformation,"Polanyi, Karl",Beacon Press,2001,English,Book,9780807056434.0,,,,,to_read,,http://books.google.com/books/content?id=Vgli4QUSOk8C&printsec=frontcover&img=1&zoom=1&edge=curl&source=gbs_api,2026-02-02T12:39:36.085435,2026-02-02T14:50:50.102922+00:00
161,"Postmodernism, or, The Cultural Logic of Late Capitalism","Jameson, Fredric",Duke University Press,1992,English,Book,9780822310907.0,,,,,to_read,,https://covers.openlibrary.org/b/id/6289242-L.jpg,2026-02-02T12:39:36.085435,2026-02-02T14:50:50.852476+00:00
162,The Political Unconscious,"Jameson, Fredric",Univ of North Carolina Press,1988,English,Book,9780807842211.0,,,,,to_read,,http://books.google.com/books/content?id=sQ3Gd5DZ_TUC&printsec=frontcover&img=1&zoom=1&edge=curl&source=gbs_api,2026-02-02T12:39:36.085435,2026-02-02T14:50:52.206989+00:00
163,Archaeologies of the Future,"Jameson, Fredric",Verso,2006,English,Book,9781844670222.0,,,,,to_read,,https://covers.openlibrary.org/b/id/895519-L.jpg,2026-02-02T12:39:36.085435,2026-02-02T14:50:52.954032+00:00
164,The Sublime Object of Ideology,"Žižek, Slavoj",Verso,2005,English,Book,9781859843887.0,,,,,to_read,,http://books.google.com/books/content?id=Coc2F548ixEC&printsec=frontcover&img=1&zoom=1&edge=curl&source=gbs_api,2026-02-02T12:39:36.085435,2026-02-02T14:50:54.256391+00:00
165,Welcome to the Desert of the Real,"Žižek, Slavoj",Verso,2005,English,Book,9781844670338.0,,,,,to_read,,https://covers.openlibrary.org/b/id/895526-L.jpg,2026-02-02T12:39:36.085435,2026-02-02T14:50:54.983813+00:00
166,Living in the End Times,"Žižek, Slavoj",Verso,2011,English,Book,9781844677023.0,,,,,to_read,,,2026-02-02T12:39:36.085435,2026-02-02T14:50:55.697079+00:00
167,Futurability,"Berardi, Franco",Simon and Schuster,2012,English,Book,9781780994252.0,,,,,to_read,,http://books.google.com/books/content?id=FwTtBAAAQBAJ&printsec=frontcover&img=1&zoom=1&edge=curl&source=gbs_api,2026-02-02T12:39:36.085435,2026-02-02T14:50:57.147975+00:00
168,Empire,"Hardt, Michael",Unknown,,English,Book,9780674506718.0,,,,,to_read,,,2026-02-02T12:39:36.085435,2026-02-02T12:39:36.085435
169,Multitude,"Hardt, Michael",Penguin Press HC,2004,English,Book,9781594200246.0,,,,,to_read,,http://books.google.com/books/content?id=Ee5qzQEACAAJ&printsec=frontcover&img=1&zoom=1&source=gbs_api,2026-02-02T12:39:36.085435,2026-02-02T14:51:00.351604+00:00
170,Commonwealth,"Hardt, Michael",Unknown,,English,Book,9780674060920.0,,,,,to_read,,,2026-02-02T12:39:36.085435,2026-02-02T12:39:36.085435
171,Insurgencies,"Negri, Antonio",U of Minnesota Press,1942,English,Book,9780816649069.0,,,,,to_read,,http://books.google.com/books/content?id=OLE_nwEACAAJ&printsec=frontcover&img=1&zoom=1&source=gbs_api,2026-02-02T12:39:36.085435,2026-02-02T14:51:02.940087+00:00
172,Time for Revolution,"Negri, Antonio",Duke University Press,2005,English,Book,9780822336174.0,,,,,to_read,,https://covers.openlibrary.org/b/id/622882-L.jpg,2026-02-02T12:39:36.085435,2026-02-02T14:51:03.689137+00:00
173,A Grammar of the Multitude,"Virno, Paolo",Semiotext(e),2006,English,Book,9781584350354.0,,,,,to_read,,,2026-02-02T12:39:36.085435,2026-02-02T14:51:05.488151+00:00
174,Multitude,"Virno, Paolo",The MIT Press,2002,English,Book,9780262720410.0,,,,,to_read,,https://covers.openlibrary.org/b/id/152644-L.jpg,2026-02-02T12:39:36.085435,2026-02-02T14:51:06.238955+00:00
175,The Making of the Indebted Man,"Lazzarato, Maurizio",Semiotext(e),2015,English,Book,9781584350941.0,,,,,to_read,,,2026-02-02T12:39:36.085435,2026-02-02T14:51:06.998546+00:00
176,Governing by Debt,"Lazzarato, Maurizio",Unknown,2016,English,Book,9780262529280.0,,,,,to_read,,https://covers.openlibrary.org/b/id/13241230-L.jpg,2026-02-02T12:39:36.085435,2026-02-02T14:51:07.749842+00:00
177,"Black Skin, White Masks","Fanon, Frantz",Grove Press,2008,English,Book,9780802143009.0,,,,,to_read,,http://books.google.com/books/content?id=m5ysTujFqbgC&printsec=frontcover&img=1&zoom=1&edge=curl&source=gbs_api,2026-02-02T12:39:36.085435,2026-02-02T14:51:09.114493+00:00
178,The Wretched of the Earth,"Fanon, Frantz",Grove Press,2004,English,Book,9780802141326.0,,,,,to_read,,http://books.google.com/books/content?id=Kjv-uAEACAAJ&printsec=frontcover&img=1&zoom=1&source=gbs_api,2026-02-02T12:39:36.085435,2026-02-02T14:51:10.672533+00:00
179,Discourse on Colonialism,"Césaire, Aimé",Monthly Review Press,2000,English,Book,9781583670255.0,,,,,to_read,,https://covers.openlibrary.org/b/id/6872655-L.jpg,2026-02-02T12:39:36.085435,2026-02-02T14:51:11.415809+00:00
180,Unsettling the Coloniality of Being,"Wynter, Sylvia",Unknown,,English,Book,nan,,,,,to_read,,,2026-02-02T12:39:36.085435,2026-02-02T12:39:36.085435
181,On the Postcolony,"Mbembe, Achille",University of California Press,2001,English,Book,9780520204355.0,,,,,to_read,,https://covers.openlibrary.org/b/id/8200299-L.jpg,2026-02-02T12:39:36.085435,2026-02-02T14:51:12.149864+00:00
182,The Black Atlantic,"Gilroy, Paul",Harvard UP,1993,English,Book,9780674076068.0,,,,,to_read,,https://covers.openlibrary.org/b/id/13391568-L.jpg,2026-02-02T12:39:36.085435,2026-02-02T14:51:12.863941+00:00
183,Cultural Identity and Diaspora,"Hall, Stuart",Unknown,,English,Book,nan,,,,,to_read,,,2026-02-02T12:39:36.085435,2026-02-02T12:39:36.085435
184,Ain’t I a Woman,"hooks, bell",South End Press,1981,English,Book,9780896081307.0,,,,,to_read,,https://covers.openlibrary.org/b/id/4767750-L.jpg,2026-02-02T12:39:36.085435,2026-02-02T14:51:13.567555+00:00
185,Teaching to Transgress,"hooks, bell",Unknown,,English,Book,9780415908082.0,,,,,to_read,,,2026-02-02T12:39:36.085435,2026-02-02T12:39:36.085435
186,Mapping the Margins,"Crenshaw, Kimberlé",Unknown,,English,Book,nan,,,,,to_read,,,2026-02-02T12:39:36.085435,2026-02-02T12:39:36.085435
187,The Cultural Politics of Emotion,"Ahmed, Sara",Unknown,1999,English,Book,9780748610994.0,,,,,to_read,,http://books.google.com/books/content?id=TMUhAQAAIAAJ&printsec=frontcover&img=1&zoom=1&source=gbs_api,2026-02-02T12:39:36.085435,2026-02-02T14:51:16.310554+00:00
188,Queer Phenomenology,"Ahmed, Sara",Continuum International Publishing Group,2007,English,Book,9780826497888.0,,,,,to_read,,https://covers.openlibrary.org/b/id/1573601-L.jpg,2026-02-02T12:39:36.085435,2026-02-02T14:51:17.067147+00:00
189,Cruising Utopia,"Muñoz, José Esteban",Unknown,,English,Book,9780816674634.0,,,,,to_read,,,2026-02-02T12:39:36.085435,2026-02-02T12:39:36.085435
190,Disidentifications,"Muñoz, José Esteban",Unknown,2003,English,Book,9780816642688.0,,,,,to_read,,http://books.google.com/books/content?id=ZolKGwAACAAJ&printsec=frontcover&img=1&zoom=1&source=gbs_api,2026-02-02T12:39:36.085435,2026-02-02T14:51:19.810666+00:00
191,Cruel Optimism,"Berlant, Lauren",Duke University Press,2010,English,Book,9780822348078.0,,,,,to_read,,https://covers.openlibrary.org/b/id/9871700-L.jpg,2026-02-02T12:39:36.085435,2026-02-02T14:51:20.543696+00:00
192,The Female Complaint,"Berlant, Lauren",Duke University Press,2005,English,Book,9780822335306.0,,,,,to_read,,https://covers.openlibrary.org/b/id/4998341-L.jpg,2026-02-02T12:39:36.085435,2026-02-02T14:51:21.384798+00:00
193,The Empire of Love,"Povinelli, Elizabeth",Duke University Press,2006,English,Book,9780822337980.0,,,,,to_read,,https://covers.openlibrary.org/b/id/622947-L.jpg,2026-02-02T12:39:36.085435,2026-02-02T14:51:22.767431+00:00
194,Geontologies,"Povinelli, Elizabeth",Unknown,2018,English,Book,9780822371311.0,,,,,to_read,,https://covers.openlibrary.org/b/id/10597435-L.jpg,2026-02-02T12:39:36.085435,2026-02-02T14:51:23.501361+00:00
195,The Mushroom at the End of the World,"Tsing, Anna",Princeton University Press,2017,English,Book,9780691178325.0,,,,,to_read,,https://covers.openlibrary.org/b/id/8881648-L.jpg,2026-02-02T12:39:36.085435,2026-02-02T14:51:24.279488+00:00
196,Friction,"Tsing, Anna",Princeton University Press,2005,English,Book,9780691120652.0,,,,,to_read,,https://covers.openlibrary.org/b/id/443792-L.jpg,2026-02-02T12:39:36.085435,2026-02-02T14:51:25.041361+00:00
197,"Debt: The First 5,000 Years","Graeber, David",Melville House,2012,English,Book,9781612191294.0,,,,,to_read,,https://covers.openlibrary.org/b/id/9247238-L.jpg,2026-02-02T12:39:36.085435,2026-02-02T14:51:25.848147+00:00
198,Bullshit Jobs,"Graeber, David",Simon & Schuster,2018,English,Book,9781501143319.0,,,,,to_read,,http://books.google.com/books/content?id=ab0EygEACAAJ&printsec=frontcover&img=1&zoom=1&source=gbs_api,2026-02-02T12:39:36.085435,2026-02-02T14:51:27.288103+00:00
199,"Territory, Authority, Rights","Sassen, Saskia",Princeton University Press,2004,English,Book,9780691120690.0,,,,,to_read,,https://covers.openlibrary.org/b/id/9867627-L.jpg,2026-02-02T12:39:36.085435,2026-02-02T14:51:28.043304+00:00
200,Expulsions,"Sassen, Saskia",Harvard University Press,2014,English,Book,9780674369764.0,,,,,to_read,,http://books.google.com/books/content?id=cjjEAwAAQBAJ&printsec=frontcover&img=1&zoom=1&edge=curl&source=gbs_api,2026-02-02T12:39:36.085435,2026-02-02T14:51:29.376787+00:00
201,Cities in a World Economy,"Sassen, Saskia",SAGE Publications,2011,English,Book,9781452230250.0,,,,,to_read,,http://books.google.com/books/content?id=uA91AwAAQBAJ&printsec=frontcover&img=1&zoom=1&edge=curl&source=gbs_api,2026-02-02T12:39:36.085435,2026-02-02T14:51:30.871709+00:00
202,The Rise of the Network Society,"Castells, Manuel",Wiley-Blackwell,2010,English,Book,9781405196864.0,,,,,to_read,,https://covers.openlibrary.org/b/id/8715791-L.jpg,2026-02-02T12:39:36.085435,2026-02-02T14:51:31.614564+00:00
203,The Power of Identity,"Castells, Manuel",Wiley-Blackwell,2009,English,Book,9781405196871.0,,,,,to_read,,,2026-02-02T12:39:36.085435,2026-02-02T14:51:32.352047+00:00
204,End of Millennium,"Castells, Manuel",Blackwell Publishers,2010,English,Book,9781405196888.0,,,,,to_read,,https://covers.openlibrary.org/b/id/9588367-L.jpg,2026-02-02T12:39:36.085435,2026-02-02T14:51:33.147503+00:00
205,Platform Capitalism,"Srnicek, Nick",Polity,2017,English,Book,9781509504860.0,,,,,to_read,,http://books.google.com/books/content?id=pT4fjwEACAAJ&printsec=frontcover&img=1&zoom=1&source=gbs_api,2026-02-02T12:39:36.085435,2026-02-02T14:51:34.559806+00:00
206,"To Save Everything, Click Here","Morozov, Evgeny",Public Affairs,2013,English,Book,9781610391382.0,,,,,to_read,,https://covers.openlibrary.org/b/id/7277288-L.jpg,2026-02-02T12:39:36.085435,2026-02-02T14:51:35.313149+00:00
207,The Net Delusion,"Morozov, Evgeny",PublicAffairs,2012,English,Book,9781610391061.0,,,,,to_read,,https://covers.openlibrary.org/b/id/12181197-L.jpg,2026-02-02T12:39:36.085435,2026-02-02T14:51:36.057662+00:00
208,The Googlization of Everything,"Vaidhyanathan, Siva",Unknown,,English,Book,9780520268821.0,,,,,to_read,,,2026-02-02T12:39:36.085435,2026-02-02T12:39:36.085435
209,Antisocial Media,"Vaidhyanathan, Siva",Oxford University Press,2019,English,Book,9780190054126.0,,,,,to_read,,http://books.google.com/books/content?id=GvarDwAAQBAJ&printsec=frontcover&img=1&zoom=1&edge=curl&source=gbs_api,2026-02-02T12:39:36.085435,2026-02-02T14:51:38.742741+00:00
210,Surveillance Capitalism (abridged ed.),"Zoff, Shoshana",Unknown,,English,Book,nan,,,,,to_read,,,2026-02-02T12:39:36.085435,2026-02-02T12:39:36.085435
211,You Are Not a Gadget,"Lanier, Jaron",Alfred A. Knopf,2010,English,Book,9780307269645.0,,,,,to_read,,https://covers.openlibrary.org/b/id/6747322-L.jpg,2026-02-02T12:39:36.085435,2026-02-02T14:51:39.622188+00:00
212,Ten Arguments for Deleting Your Social Media Accounts Right Now,"Lanier, Jaron",Henry Holt and Company,2018,English,Book,9781250196682.0,,,,,to_read,,https://covers.openlibrary.org/b/id/12504011-L.jpg,2026-02-02T12:39:36.085435,2026-02-02T14:51:40.353231+00:00
213,Superintelligence,"Bostrom, Nick","Oxford University Press, USA",2016,English,Book,9780198739834.0,,,,,to_read,,http://books.google.com/books/content?id=i0QdjgEACAAJ&printsec=frontcover&img=1&zoom=1&source=gbs_api,2026-02-02T12:39:36.085435,2026-02-02T14:51:41.762596+00:00
214,Human Compatible,"Russell, Stuart",Viking,2019,English,Book,9780525558613.0,,,,,to_read,,https://covers.openlibrary.org/b/id/13157736-L.jpg,2026-02-02T12:39:36.085435,2026-02-02T14:51:42.778781+00:00
215,The Ethics of Information,"Floridi, Luciano","Oxford University Press, USA",2013,English,Book,9780199641327.0,,,,,to_read,,http://books.google.com/books/content?id=_XHcAAAAQBAJ&printsec=frontcover&img=1&zoom=1&edge=curl&source=gbs_api,2026-02-02T12:39:36.085435,2026-02-02T14:51:44.149885+00:00
216,The Fourth Revolution,"Floridi, Luciano","Oxford University Press, USA",2015,English,Book,9780198719362.0,,,,,to_read,,http://books.google.com/books/content?id=bJz4oAEACAAJ&printsec=frontcover&img=1&zoom=1&source=gbs_api,2026-02-02T12:39:36.085435,2026-02-02T14:51:45.470261+00:00
217,The Eye of the Master,"Pasquale, Frank",MIT Press,2021,English,Book,9780262046152.0,,,,,to_read,,https://covers.openlibrary.org/b/id/13231985-L.jpg,2026-02-02T12:39:36.085435,2026-02-02T14:51:46.272722+00:00
218,There Is No Software,"Kittler, Friedrich",Unknown,,English,Book,nan,,,,,to_read,,,2026-02-02T12:39:36.085435,2026-02-02T12:39:36.085435
219,Art and Cosmotechnics,"Hui, Yuk",Polity,2025,English,Book,9781509546676.0,,,,,to_read,,http://books.google.com/books/content?id=C24c0QEACAAJ&printsec=frontcover&img=1&zoom=1&source=gbs_api,2026-02-02T12:39:36.085435,2026-02-02T14:51:47.586910+00:00
220,Algorithmic Capitalism,"Parisi, Luciana",Unknown,,English,Book,nan,,,,,to_read,,,2026-02-02T12:39:36.085435,2026-02-02T12:39:36.085435
221,Red Stack Attack!,"Terranova, Tiziana",The MIT Press,2018,English,Book,9780262039161.0,,,,,to_read,,https://covers.openlibrary.org/b/id/10351968-L.jpg,2026-02-02T12:39:36.085435,2026-02-02T14:51:48.443488+00:00
222,Cybernetic Hypothesis,"Galloway, Alexander",Unknown,2020,English,Book,9781517905400.0,,,,,to_read,,http://books.google.com/books/content?id=EH5GygEACAAJ&printsec=frontcover&img=1&zoom=1&source=gbs_api,2026-02-02T12:39:36.085435,2026-02-02T14:51:49.901436+00:00
223,Programmed Visions,"Chun, Wendy Hui Kyong",The MIT Press,2017,English,Book,9780262533287.0,,,,,to_read,,https://covers.openlibrary.org/b/id/10528297-L.jpg,2026-02-02T12:39:36.085435,2026-02-02T14:51:50.776071+00:00
224,Algorithmic War,"Amoore, Louise",Unknown,,English,Book,9781107562045.0,,,,,to_read,,,2026-02-02T12:39:36.085435,2026-02-02T12:39:36.085435
225,The Costs of Connection,"Couldry, Nick",Unknown,,English,Book,9781509509711.0,,,,,to_read,,,2026-02-02T12:39:36.085435,2026-02-02T12:39:36.085435
226,"Media, Society, World","Couldry, Nick",John Wiley & Sons,2017,English,Book,9781509507274.0,,,,,to_read,,http://books.google.com/books/content?id=zJNNDwAAQBAJ&printsec=frontcover&img=1&zoom=1&edge=curl&source=gbs_api,2026-02-02T12:39:36.085435,2026-02-02T14:51:54.728507+00:00
227,Why Voice Matters,"Couldry, Nick",SAGE,2012,English,Book,9781446258424.0,,,,,to_read,,http://books.google.com/books/content?id=OYy1YqqA_VgC&printsec=frontcover&img=1&zoom=1&edge=curl&source=gbs_api,2026-02-02T12:39:36.085435,2026-02-02T14:51:56.078176+00:00
228,Why Study the Media?,"Silverstone, Roger",SAGE,2009,English,Book,9781446202182.0,,,,,to_read,,http://books.google.com/books/content?id=Xtb6W1xdx0AC&printsec=frontcover&img=1&zoom=1&edge=curl&source=gbs_api,2026-02-02T12:39:36.085435,2026-02-02T14:51:57.387175+00:00
229,Media Rituals,"Couldry, Nick",Psychology Press,2000,English,Book,9780415207000.0,,,,,to_read,,http://books.google.com/books/content?id=TpdB7yCCILwC&printsec=frontcover&img=1&zoom=1&edge=curl&source=gbs_api,2026-02-02T12:39:36.085435,2026-02-02T14:51:58.735045+00:00
230,Making Sense of Television,"Livingstone, Sonia",Psychology Press,1997,English,Book,9780415140659.0,,,,,to_read,,http://books.google.com/books/content?id=aCx5VbeKy4UC&printsec=frontcover&img=1&zoom=1&edge=curl&source=gbs_api,2026-02-02T12:39:36.085435,2026-02-02T14:52:00.363015+00:00
231,Encoding and Decoding in the Television Discourse,"Hall, Stuart",Unknown,,English,Book,nan,,,,,to_read,,,2026-02-02T12:39:36.085435,2026-02-02T12:39:36.085435
232,Culture and Society,"Williams, Raymond",Unknown,,English,Book,9780231121737.0,,,,,to_read,,,2026-02-02T12:39:36.085435,2026-02-02T12:39:36.085435
233,Keywords,"Williams, Raymond","Oxford University Press, USA",2006,English,Book,9780192801643.0,,,,,to_read,,http://books.google.com/books/content?id=U7oTDAAAQBAJ&printsec=frontcover&img=1&zoom=1&edge=curl&source=gbs_api,2026-02-02T12:39:36.085435,2026-02-02T14:52:03.197531+00:00
234,The Making of the English Working Class,"Thompson, E. P.",Vintage Books,1966,English,Book,9780394703220.0,,,,,to_read,,https://covers.openlibrary.org/b/id/254045-L.jpg,2026-02-02T12:39:36.085435,2026-02-02T14:52:04.360996+00:00
235,The Age of Extremes,"Hobsbawm, Eric",Vintage,1996,English,Book,9780679730057.0,,,,,to_read,,https://covers.openlibrary.org/b/id/420040-L.jpg,2026-02-02T12:39:36.085435,2026-02-02T14:52:05.131376+00:00
236,Industry and Empire,"Hobsbawm, Eric",Unknown,1967,English,Book,9780140137562.0,,,,,to_read,,http://books.google.com/books/content?id=j65PAAAAMAAJ&printsec=frontcover&img=1&zoom=1&source=gbs_api,2026-02-02T12:39:36.085435,2026-02-02T14:52:06.501127+00:00
237,The Great Transformation,"Polanyi, Karl",Beacon Press,2001,English,Book,9780807056434.0,,,,,to_read,,http://books.google.com/books/content?id=Vgli4QUSOk8C&printsec=frontcover&img=1&zoom=1&edge=curl&source=gbs_api,2026-02-02T12:39:36.085435,2026-02-02T14:52:07.937688+00:00
238,The Long Twentieth Century,"Arrighi, Giovanni",Unknown,,English,Book,9781859842156.0,,,,,to_read,,,2026-02-02T12:39:36.085435,2026-02-02T12:39:36.085435
239,The Modern World-System I,"Wallerstein, Immanuel",University of California Press,2011,English,Book,9780520267572.0,,,,,to_read,,,2026-02-02T12:39:36.085435,2026-02-02T14:52:10.139963+00:00
240,The Modern World-System II,"Wallerstein, Immanuel",University of California Press,2011,English,Book,9780520267596.0,,,,,to_read,,https://covers.openlibrary.org/b/id/7833335-L.jpg,2026-02-02T12:39:36.085435,2026-02-02T14:52:10.880656+00:00
241,The Modern World-System III,"Wallerstein, Immanuel",University of California Press,2011,English,Book,9780520267602.0,,,,,to_read,,https://covers.openlibrary.org/b/id/9953884-L.jpg,2026-02-02T12:39:36.085435,2026-02-02T14:52:11.636251+00:00
242,The Condition of Postmodernity,"Harvey, David",Blackwell,1989,English,Book,9780631162940.0,,,,,to_read,,https://covers.openlibrary.org/b/id/4067385-L.jpg,2026-02-02T12:39:36.085435,2026-02-02T14:52:12.379928+00:00
243,A Brief History of Neoliberalism,"Harvey, David","Oxford University Press, USA",2007,English,Book,9780199283271.0,,,,,to_read,,http://books.google.com/books/content?id=2GsTDAAAQBAJ&printsec=frontcover&img=1&zoom=1&edge=curl&source=gbs_api,2026-02-02T12:39:36.085435,2026-02-02T14:52:13.715251+00:00
244,Spaces of Hope,"Harvey, David",Cambridge University Press,2005,English,Book,9780521675505.0,,,,,to_read,,https://covers.openlibrary.org/b/id/353307-L.jpg,2026-02-02T12:39:36.085435,2026-02-02T14:52:14.512874+00:00
245,Rebel Cities,"Harvey, David",Verso,2012,English,Book,9781844678822.0,,,,,to_read,,https://covers.openlibrary.org/b/id/8713648-L.jpg,2026-02-02T12:39:36.085435,2026-02-02T14:52:15.238906+00:00
246,The Corrosion of Character,"Sennett, Richard",Norton,1993,English,Book,9780393310719.0,,,,,to_read,,https://covers.openlibrary.org/b/id/12721285-L.jpg,2026-02-02T12:39:36.085435,2026-02-02T14:52:16.038359+00:00
247,The Craftsman,"Sennett, Richard",Yale University Press,2005,English,Book,9780300108323.0,,,,,to_read,,https://covers.openlibrary.org/b/id/162625-L.jpg,2026-02-02T12:39:36.085435,2026-02-02T14:52:16.817352+00:00
248,Together,"Sennett, Richard",Yale University Press,2013,English,Book,9780300190663.0,,,,,to_read,,http://books.google.com/books/content?id=VZ39AQAAQBAJ&printsec=frontcover&img=1&zoom=1&edge=curl&source=gbs_api,2026-02-02T12:39:36.085435,2026-02-02T14:52:18.280549+00:00
249,Liquid Modernity,"Bauman, Zygmunt",Polity Press,2000,English,Book,9780745624105.0,,,,,to_read,,https://covers.openlibrary.org/b/id/14825832-L.jpg,2026-02-02T12:39:36.085435,2026-02-02T14:52:19.118701+00:00
250,Liquid Life,"Bauman, Zygmunt",Polity Press,2013,English,Book,9780745655307.0,,,,,to_read,,,2026-02-02T12:39:36.085435,2026-02-02T14:52:19.837675+00:00
251,Liquid Fear,"Bauman, Zygmunt",Polity Press,2006,English,Book,9780745635552.0,,,,,to_read,,https://covers.openlibrary.org/b/id/9793238-L.jpg,2026-02-02T12:39:36.085435,2026-02-02T14:52:20.577445+00:00
252,Liquid Times,"Bauman, Zygmunt",Polity,2010,English,Book,9780745648576.0,,,,,to_read,,,2026-02-02T12:39:36.085435,2026-02-02T14:52:21.345656+00:00
253,Social Acceleration,"Rosa, Hartmut",Columbia University Press,2013,English,Book,9780231148345.0,,,,,to_read,,http://books.google.com/books/content?id=_lmsAgAAQBAJ&printsec=frontcover&img=1&zoom=1&edge=curl&source=gbs_api,2026-02-02T12:39:36.085435,2026-02-02T14:52:22.790806+00:00
254,Resonance,"Rosa, Hartmut",John Wiley & Sons,2019,English,Book,9781509519925.0,,,,,to_read,,http://books.google.com/books/content?id=nMOlDwAAQBAJ&printsec=frontcover&img=1&zoom=1&edge=curl&source=gbs_api,2026-02-02T12:39:36.085435,2026-02-02T14:52:24.121318+00:00
255,The Burnout Society,"Han, Byung-Chul",Stanford Briefs,2015,English,Book,9780804795091.0,,,,,to_read,,http://books.google.com/books/content?id=lQXVwAEACAAJ&printsec=frontcover&img=1&zoom=1&source=gbs_api,2026-02-02T12:39:36.085435,2026-02-02T14:52:25.374628+00:00
256,Psychopolitics,"Han, Byung-Chul",Verso Books,2017,English,Book,9781784785771.0,,,,,to_read,,http://books.google.com/books/content?id=ySFaDwAAQBAJ&printsec=frontcover&img=1&zoom=1&edge=curl&source=gbs_api,2026-02-02T12:39:36.085435,2026-02-02T14:52:26.811715+00:00
257,In the Swarm,"Han, Byung-Chul",MIT Press,2017,English,Book,9780262529136.0,,,,,to_read,,,2026-02-02T12:39:36.085435,2026-02-02T14:52:27.552782+00:00
258,"Automatic Society, Vol. 2","Stiegler, Bernard",Polity,2019,English,Book,9781509512445.0,,,,,to_read,,http://books.google.com/books/content?id=ye1cswEACAAJ&printsec=frontcover&img=1&zoom=1&source=gbs_api,2026-02-02T12:39:36.085435,2026-02-02T14:52:28.870932+00:00
259,Breathing,"Berardi, Franco",Unknown,,English,Book,9781584351910.0,,,,,to_read,,,2026-02-02T12:39:36.085435,2026-02-02T12:39:36.085435
260,Heroes,"Berardi, Franco",John Hunt Publishing,2012,English,Book,9781780992975.0,,,,,to_read,,http://books.google.com/books/content?id=jbun0QEACAAJ&printsec=frontcover&img=1&zoom=1&source=gbs_api,2026-02-02T12:39:36.085435,2026-02-02T14:52:32.107148+00:00
261,Comrade,"Dean, Jodi",Verso Books,2018,English,Book,9781788732504.0,,,,,to_read,,http://books.google.com/books/content?id=aRJSDwAAQBAJ&printsec=frontcover&img=1&zoom=1&edge=curl&source=gbs_api,2026-02-02T12:39:36.085435,2026-02-02T14:52:33.531935+00:00
262,"Organize, Fight, Win","Dean, Jodi",Unknown,,English,Book,9781788730470.0,,,,,to_read,,,2026-02-02T12:39:36.085435,2026-02-02T12:39:36.085435
263,Assembly,"Hardt, Michael",Unknown,2021,English,Book,9780190947039.0,,,,,to_read,,,2026-02-02T12:39:36.085435,2026-02-02T14:52:36.575295+00:00
264,The Utopia of Rules,"Graeber, David",Melville House Books,2015,English,Book,9781612193755.0,,,,,to_read,,https://covers.openlibrary.org/b/id/8136676-L.jpg,2026-02-02T12:39:36.085435,2026-02-02T14:52:37.324570+00:00
265,After Work,"Srnicek, Nick",Verso Books,2017,English,Book,9781784780288.0,,,,,to_read,,http://books.google.com/books/content?id=xYJpCgAAQBAJ&printsec=frontcover&img=1&zoom=1&edge=curl&source=gbs_api,2026-02-02T12:39:36.085435,2026-02-02T14:52:38.830696+00:00
266,Inventing the Future,"Williams, Alex",Verso Books,2015,English,Book,9781784780967.0,,,,,to_read,,http://books.google.com/books/content?id=6OZOEAAAQBAJ&printsec=frontcover&img=1&zoom=1&source=gbs_api,2026-02-02T12:39:36.085435,2026-02-02T14:52:40.119548+00:00
267,Postcapitalism,"Mason, Paul","Farrar, Straus and Giroux",2017,English,Book,9780374536732.0,,,,,to_read,,https://covers.openlibrary.org/b/id/8860515-L.jpg,2026-02-02T12:39:36.085435,2026-02-02T14:52:40.870783+00:00
268,Platform Socialism,"Srnicek, Nick",Unknown,,English,Book,9781509547130.0,,,,,to_read,,,2026-02-02T12:39:36.085435,2026-02-02T12:39:36.085435
269,New Dark Age,"Bridle, James",Unknown,,English,Book,9781785030269.0,,,,,to_read,,,2026-02-02T12:39:36.085435,2026-02-02T12:39:36.085435
270,Ways of Being,"Bridle, James","Farrar, Straus & Giroux",2023,English,Book,9780374604486.0,,,,,to_read,,https://covers.openlibrary.org/b/id/14814187-L.jpg,2026-02-02T12:39:36.085435,2026-02-02T14:52:44.444719+00:00
271,Necromedia,"O'Gorman, Marcel",Unknown,2012,English,Book,9780816679578.0,,,,,to_read,,http://books.google.com/books/content?id=jmzfuQAACAAJ&printsec=frontcover&img=1&zoom=1&source=gbs_api,2026-02-02T12:39:36.085435,2026-02-02T14:52:45.839094+00:00
272,Operational Images,"Parikka, Jussi",MIT Press,2023,English,Book,9780262045315.0,,,,,to_read,,https://covers.openlibrary.org/b/id/14793812-L.jpg,2026-02-02T12:39:36.085435,2026-02-02T14:52:46.601170+00:00
273,Control and Freedom,"Chun, Wendy Hui Kyong",MIT Press,2005,English,Book,9780262532754.0,,,,,to_read,,https://covers.openlibrary.org/b/id/1154478-L.jpg,2026-02-02T12:39:36.085435,2026-02-02T14:52:47.522725+00:00
274,The Eye of the Master,"Pasquinelli, Matteo",Unknown,,English,Book,9781784789021.0,,,,,to_read,,,2026-02-02T12:39:36.085435,2026-02-02T12:39:36.085435
