id,title,authors,publisher,publish_year,language,format,isbn13,tags,collections,projects,location,status,notes,cover_image,added_at,updated_at
1,Jerusalem: Book One: The Boroughs,"Moore, Alan",Liveright,,English,Book,9781631492433.0,,,,,to_read,Vol. 1,,2026-02-02T12:39:36.085435,2026-02-02T12:39:36.085435
2,Jerusalem: Book Two: Mansoul,"Moore, Alan",Liveright,,English,Book,9781631492433.0,,,,,to_read,Vol. 2,,2026-02-02T12:39:36.085435,2026-02-02T12:39:36.085435
3,Jerusalem: Book Three: Vernall’s Inquest,"Moore, Alan",Liveright,,English,Book,9781631492433.0,,,,,to_read,Vol. 3,,2026-02-02T12:39:36.085435,2026-02-02T12:39:36.085435
4,Nausea,"Sartre, Jean-Paul",New Directions,,English,Book,nan,,,,,to_read,,,2026-02-02T12:39:36.085435,2026-02-02T12:39:36.085435
5,Thus Spoke Zarathustra,"Nietzsche, Friedrich",Unknown,,English,Book,nan,,,,,to_read,,,2026-02-02T12:39:36.085435,2026-02-02T12:39:36.085435
6,Beyond Good and Evil,"Nietzsche, Friedrich",Unknown,,English,Book,nan,,,,,to_read,,,2026-02-02T12:39:36.085435,2026-02-02T12:39:36.085435
7,On the Genealogy of Morals,"Nietzsche, Friedrich",Unknown,,English,Book,nan,,,,,to_read,,,2026-02-02T12:39:36.085435,2026-02-02T12:39:36.085435
8,Being and Time,"Heidegger, Martin",Unknown,,English,Book,nan,,,,,to_read,,,2026-02-02T12:39:36.085435,2026-02-02T12:39:36.085435
9,The Question Concerning Technology,"Heidegger, Martin",Unknown,,English,Book,nan,,,,,to_read,,,2026-02-02T12:39:36.085435,2026-02-02T12:39:36.085435
10,Illuminations,"Benjamin, Walter",Schocken,,English,Book,nan,,,,,to_read,,,2026-02-02T12:39:36.085435,2026-02-02T12:39:36.085435
11,Reflections,"Benjamin, Walter",Unknown,,English,Book,nan,,,,,to_read,,,2026-02-02T12:39:36.085435,2026-02-02T12:39:36.085435
12,The Arcades Project,"Benjamin, Walter",Belknap,,English,Book,nan,,,,,to_read,,,2026-02-02T12:39:36.085435,2026-02-02T12:39:36.085435
13,Man on His Own,"Bloch, Ernst",Herder & Herder,,English,Book,nan,,,,,to_read,,,2026-02-02T12:39:36.085435,2026-02-02T12:39:36.085435
14,The Human Condition,"Arendt, Hannah",Unknown,,English,Book,nan,,,,,to_read,,,2026-02-02T12:39:36.085435,2026-02-02T12:39:36.085435
15,Eichmann in Jerusalem,"Arendt, Hannah",Unknown,,English,Book,nan,,,,,to_read,,,2026-02-02T12:39:36.085435,2026-02-02T12:39:36.085435
16,Discipline and Punish,"Foucault, Michel",Unknown,,English,Book,nan,,,,,to_read,,,2026-02-02T12:39:36.085435,2026-02-02T12:39:36.085435
17,The Order of Things,"Foucault, Michel",Unknown,,English,Book,nan,,,,,to_read,,,2026-02-02T12:39:36.085435,2026-02-02T12:39:36.085435
18,Society Must Be Defended,"Foucault, Michel",Unknown,,English,Book,nan,,,,,to_read,,,2026-02-02T12:39:36.085435,2026-02-02T12:39:36.085435
19,Difference and Repetition,"Deleuze, Gilles",Unknown,,English,Book,nan,,,,,to_read,,,2026-02-02T12:39:36.085435,2026-02-02T12:39:36.085435
20,The Logic of Sense,"Deleuze, Gilles",Unknown,,English,Book,nan,,,,,to_read,,,2026-02-02T12:39:36.085435,2026-02-02T12:39:36.085435
21,Cinema 1: The Movement-Image,"Deleuze, Gilles",Unknown,,English,Book,nan,,,,,to_read,,,2026-02-02T12:39:36.085435,2026-02-02T12:39:36.085435
22,Cinema 2: The Time-Image,"Deleuze, Gilles",Unknown,,English,Book,nan,,,,,to_read,,,2026-02-02T12:39:36.085435,2026-02-02T12:39:36.085435
23,Simulacra and Simulation,"Baudrillard, Jean",Unknown,,English,Book,nan,,,,,to_read,,,2026-02-02T12:39:36.085435,2026-02-02T12:39:36.085435
24,The Postmodern Condition,"Lyotard, Jean-François",Unknown,,English,Book,nan,,,,,to_read,,,2026-02-02T12:39:36.085435,2026-02-02T12:39:36.085435
25,The Society of the Spectacle,"Debord, Guy",Unknown,,English,Book,nan,,,,,to_read,,,2026-02-02T12:39:36.085435,2026-02-02T12:39:36.085435
26,Comments on the Society of the Spectacle,"Debord, Guy",Unknown,,English,Book,9781859840923.0,,,,,to_read,,,2026-02-02T12:39:36.085435,2026-02-02T12:39:36.085435
27,Homo Sacer,"Agamben, Giorgio",Unknown,,English,Book,9780804739214.0,,,,,to_read,,,2026-02-02T12:39:36.085435,2026-02-02T12:39:36.085435
28,State of Exception,"Agamben, Giorgio",Unknown,,English,Book,9780226009243.0,,,,,to_read,,,2026-02-02T12:39:36.085435,2026-02-02T12:39:36.085435
29,The Open: Man and Animal,"Agamben, Giorgio",Unknown,,English,Book,9780804739993.0,,,,,to_read,,,2026-02-02T12:39:36.085435,2026-02-02T12:39:36.085435
30,Speed and Politics,"Virilio, Paul",Unknown,,English,Book,9781584350255.0,,,,,to_read,,,2026-02-02T12:39:36.085435,2026-02-02T12:39:36.085435
31,The Vision Machine,"Virilio, Paul",Unknown,,English,Book,9780253203993.0,,,,,to_read,,,2026-02-02T12:39:36.085435,2026-02-02T12:39:36.085435
32,"Gramophone, Film, Typewriter","Kittler, Friedrich",Unknown,,English,Book,9780804730990.0,,,,,to_read,,,2026-02-02T12:39:36.085435,2026-02-02T12:39:36.085435
33,Optical Media,"Kittler, Friedrich",Unknown,,English,Book,9780745623320.0,,,,,to_read,,,2026-02-02T12:39:36.085435,2026-02-02T12:39:36.085435
34,Towards a Philosophy of Photography,"Flusser, Vilém",Unknown,,English,Book,9781861891454.0,,,,,to_read,,,2026-02-02T12:39:36.085435,2026-02-02T12:39:36.085435
35,The Shape of Things,"Flusser, Vilém",Unknown,,English,Book,9781861891560.0,,,,,to_read,,,2026-02-02T12:39:36.085435,2026-02-02T12:39:36.085435
36,Understanding Media,"McLuhan, Marshall",Unknown,,English,Book,9780262631594.0,,,,,to_read,,,2026-02-02T12:39:36.085435,2026-02-02T12:39:36.085435
37,The Medium Is the Massage,"McLuhan, Marshall",Unknown,,English,Book,9781584230700.0,,,,,to_read,,,2026-02-02T12:39:36.085435,2026-02-02T12:39:36.085435
38,The Technological Society,"Ellul, Jacques",Unknown,,English,Book,9780394703909.0,,,,,to_read,,,2026-02-02T12:39:36.085435,2026-02-02T12:39:36.085435
39,On the Mode of Existence of Technical Objects,"Simondon, Gilbert",Unknown,,English,Book,9781517901648.0,,,,,to_read,,,2026-02-02T12:39:36.085435,2026-02-02T12:39:36.085435
40,"Technics and Time, 1","Stiegler, Bernard",Unknown,,English,Book,9780804739917.0,,,,,to_read,,,2026-02-02T12:39:36.085435,2026-02-02T12:39:36.085435
41,Taking Care of Youth and the Generations,"Stiegler, Bernard",Unknown,,English,Book,9780804742276.0,,,,,to_read,,,2026-02-02T12:39:36.085435,2026-02-02T12:39:36.085435
42,We Have Never Been Modern,"Latour, Bruno",Unknown,,English,Book,9780674948396.0,,,,,to_read,,,2026-02-02T12:39:36.085435,2026-02-02T12:39:36.085435
43,Reassembling the Social,"Latour, Bruno",Unknown,,English,Book,9780199256040.0,,,,,to_read,,,2026-02-02T12:39:36.085435,2026-02-02T12:39:36.085435
44,A Cyborg Manifesto,"Haraway, Donna",Unknown,,English,Book,9780415966891.0,,,,,to_read,,,2026-02-02T12:39:36.085435,2026-02-02T12:39:36.085435
45,Staying with the Trouble,"Haraway, Donna",Unknown,,English,Book,9780822362241.0,,,,,to_read,,,2026-02-02T12:39:36.085435,2026-02-02T12:39:36.085435
46,Capitalist Realism,"Fisher, Mark",Unknown,,English,Book,9781846943171.0,,,,,to_read,,,2026-02-02T12:39:36.085435,2026-02-02T12:39:36.085435
47,The Soul at Work,"Berardi, Franco",Unknown,,English,Book,9781584350774.0,,,,,to_read,,,2026-02-02T12:39:36.085435,2026-02-02T12:39:36.085435
48,Futurability,"Berardi, Franco",Unknown,,English,Book,9781780994252.0,,,,,to_read,,,2026-02-02T12:39:36.085435,2026-02-02T12:39:36.085435
49,After the Future,"Bifo, Franco",Unknown,,English,Book,9781608461760.0,,,,,to_read,,,2026-02-02T12:39:36.085435,2026-02-02T12:39:36.085435
50,24/7: Late Capitalism and the Ends of Sleep,"Crary, Jonathan",Unknown,,English,Book,9781781683124.0,,,,,to_read,,,2026-02-02T12:39:36.085435,2026-02-02T12:39:36.085435
51,Suspensions of Perception,"Crary, Jonathan",Unknown,,English,Book,9780262531160.0,,,,,to_read,,,2026-02-02T12:39:36.085435,2026-02-02T12:39:36.085435
52,Techniques of the Observer,"Crary, Jonathan",Unknown,,English,Book,9780262531078.0,,,,,to_read,,,2026-02-02T12:39:36.085435,2026-02-02T12:39:36.085435
53,The Age of Surveillance Capitalism,"Zuboff, Shoshana",Unknown,,English,Book,9781610395694.0,,,,,to_read,,,2026-02-02T12:39:36.085435,2026-02-02T12:39:36.085435
54,Animal Spirits,"Pasquinelli, Matteo",Unknown,,English,Book,9781509508684.0,,,,,to_read,,,2026-02-02T12:39:36.085435,2026-02-02T12:39:36.085435
55,The Nooscope Manifested,"Pasquinelli, Matteo",Unknown,,English,Book,9781786606258.0,,,,,to_read,,,2026-02-02T12:39:36.085435,2026-02-02T12:39:36.085435
56,Abstract Sex,"Parisi, Luciana",Unknown,,English,Book,9780826497536.0,,,,,to_read,,,2026-02-02T12:39:36.085435,2026-02-02T12:39:36.085435
57,Contagious Architecture,"Parisi, Luciana",Unknown,,English,Book,9780262512008.0,,,,,to_read,,,2026-02-02T12:39:36.085435,2026-02-02T12:39:36.085435
58,How We Became Posthuman,"Hayles, N. Katherine",Unknown,,English,Book,9780226321390.0,,,,,to_read,,,2026-02-02T12:39:36.085435,2026-02-02T12:39:36.085435
59,Unthought,"Hayles, N. Katherine",Unknown,,English,Book,9780226447915.0,,,,,to_read,,,2026-02-02T12:39:36.085435,2026-02-02T12:39:36.085435
60,On the Existence of Digital Objects,"Hui, Yuk",Unknown,,English,Book,9780816698912.0,,,,,to_read,,,2026-02-02T12:39:36.085435,2026-02-02T12:39:36.085435
61,Recursivity and Contingency,"Hui, Yuk",Unknown,,English,Book,9781786605886.0,,,,,to_read,,,2026-02-02T12:39:36.085435,2026-02-02T12:39:36.085435
62,The Stack,"Bratton, Benjamin",Unknown,,English,Book,9780262035415.0,,,,,to_read,,,2026-02-02T12:39:36.085435,2026-02-02T12:39:36.085435
63,The Revenge of the Real,"Bratton, Benjamin",Unknown,,English,Book,9781788736854.0,,,,,to_read,,,2026-02-02T12:39:36.085435,2026-02-02T12:39:36.085435
64,Platform Capitalism,"Srnicek, Nick",Unknown,,English,Book,9781509504860.0,,,,,to_read,,,2026-02-02T12:39:36.085435,2026-02-02T12:39:36.085435
65,Inventing the Future,"Srnicek, Nick",Unknown,,English,Book,9781784780967.0,,,,,to_read,,,2026-02-02T12:39:36.085435,2026-02-02T12:39:36.085435
66,Network Culture,"Terranova, Tiziana",Unknown,,English,Book,9780745623733.0,,,,,to_read,,,2026-02-02T12:39:36.085435,2026-02-02T12:39:36.085435
67,Networks Without a Cause,"Lovink, Geert",Unknown,,English,Book,9780745646992.0,,,,,to_read,,,2026-02-02T12:39:36.085435,2026-02-02T12:39:36.085435
68,Sad by Design,"Lovink, Geert",Unknown,,English,Book,9780745655833.0,,,,,to_read,,,2026-02-02T12:39:36.085435,2026-02-02T12:39:36.085435
69,Control and Freedom,"Chun, Wendy Hui Kyong",Unknown,,English,Book,9780262532754.0,,,,,to_read,,,2026-02-02T12:39:36.085435,2026-02-02T12:39:36.085435
70,Updating to Remain the Same,"Chun, Wendy Hui Kyong",Unknown,,English,Book,9780262033909.0,,,,,to_read,,,2026-02-02T12:39:36.085435,2026-02-02T12:39:36.085435
71,Protocol,"Galloway, Alexander",Unknown,,English,Book,9780262572132.0,,,,,to_read,,,2026-02-02T12:39:36.085435,2026-02-02T12:39:36.085435
72,The Interface Effect,"Galloway, Alexander",Unknown,,English,Book,9780745662527.0,,,,,to_read,,,2026-02-02T12:39:36.085435,2026-02-02T12:39:36.085435
73,Media Ecologies,"Fuller, Matthew",Unknown,,English,Book,9780262062596.0,,,,,to_read,,,2026-02-02T12:39:36.085435,2026-02-02T12:39:36.085435
74,Evil Media,"Fuller, Matthew",Unknown,,English,Book,9780262514408.0,,,,,to_read,,,2026-02-02T12:39:36.085435,2026-02-02T12:39:36.085435
75,The Language of New Media,"Manovich, Lev",Unknown,,English,Book,9780262632553.0,,,,,to_read,,,2026-02-02T12:39:36.085435,2026-02-02T12:39:36.085435
76,Software Takes Command,"Manovich, Lev",Unknown,,English,Book,9781608460176.0,,,,,to_read,,,2026-02-02T12:39:36.085435,2026-02-02T12:39:36.085435
77,Cultural Analytics,"Manovich, Lev",Unknown,,English,Book,9780262042741.0,,,,,to_read,,,2026-02-02T12:39:36.085435,2026-02-02T12:39:36.085435
78,Into the Universe of Technical Images,"Flusser, Vilém",Unknown,,English,Book,9780816650156.0,,,,,to_read,,,2026-02-02T12:39:36.085435,2026-02-02T12:39:36.085435
79,The Reconfigured Eye,"Mitchell, W. J. T.",Unknown,,English,Book,9780262631594.0,,,,,to_read,,,2026-02-02T12:39:36.085435,2026-02-02T12:39:36.085435
80,Iconology,"Mitchell, W. J. T.",Unknown,,English,Book,9780226532383.0,,,,,to_read,,,2026-02-02T12:39:36.085435,2026-02-02T12:39:36.085435
81,What Do Pictures Want?,"Mitchell, W. J. T.",Unknown,,English,Book,9780226532314.0,,,,,to_read,,,2026-02-02T12:39:36.085435,2026-02-02T12:39:36.085435
82,The Information Bomb,"Virilio, Paul",Unknown,,English,Book,9781859845492.0,,,,,to_read,,,2026-02-02T12:39:36.085435,2026-02-02T12:39:36.085435
83,The Accident of Art,"Virilio, Paul",Unknown,,English,Book,9780745654744.0,,,,,to_read,,,2026-02-02T12:39:36.085435,2026-02-02T12:39:36.085435
84,For a New Critique of Political Economy,"Stiegler, Bernard",Unknown,,English,Book,9780745652788.0,,,,,to_read,,,2026-02-02T12:39:36.085435,2026-02-02T12:39:36.085435
85,"Automatic Society, Vol. 1","Stiegler, Bernard",Unknown,,English,Book,9781509510304.0,,,,,to_read,,,2026-02-02T12:39:36.085435,2026-02-02T12:39:36.085435
86,New Philosophy for New Media,"Hansen, Mark B. N.",Unknown,,English,Book,9780262581523.0,,,,,to_read,,,2026-02-02T12:39:36.085435,2026-02-02T12:39:36.085435
87,Feed-Forward,"Hansen, Mark B. N.",Unknown,,English,Book,9780226348601.0,,,,,to_read,,,2026-02-02T12:39:36.085435,2026-02-02T12:39:36.085435
88,Parables for the Virtual,"Massumi, Brian",Unknown,,English,Book,9780822328797.0,,,,,to_read,,,2026-02-02T12:39:36.085435,2026-02-02T12:39:36.085435
89,Politics of Affect,"Massumi, Brian",Unknown,,English,Book,9780745669182.0,,,,,to_read,,,2026-02-02T12:39:36.085435,2026-02-02T12:39:36.085435
90,The Three Ecologies,"Guattari, Félix",Unknown,,English,Book,9780822312734.0,,,,,to_read,,,2026-02-02T12:39:36.085435,2026-02-02T12:39:36.085435
91,Chaosmosis,"Guattari, Félix",Unknown,,English,Book,9780253209834.0,,,,,to_read,,,2026-02-02T12:39:36.085435,2026-02-02T12:39:36.085435
92,The Posthuman,"Braidotti, Rosi",Unknown,,English,Book,9780745641584.0,,,,,to_read,,,2026-02-02T12:39:36.085435,2026-02-02T12:39:36.085435
93,Nomadic Subjects,"Braidotti, Rosi",Unknown,,English,Book,9780231135895.0,,,,,to_read,,,2026-02-02T12:39:36.085435,2026-02-02T12:39:36.085435
94,The Undercommons,"Harney, Stefano",Unknown,,English,Book,9781570272527.0,,,,,to_read,,,2026-02-02T12:39:36.085435,2026-02-02T12:39:36.085435
95,Transductions,"Mackenzie, Adrian",Unknown,,English,Book,9780826494016.0,,,,,to_read,,,2026-02-02T12:39:36.085435,2026-02-02T12:39:36.085435
96,Machine Learners,"Mackenzie, Adrian",Unknown,,English,Book,9780262039475.0,,,,,to_read,,,2026-02-02T12:39:36.085435,2026-02-02T12:39:36.085435
97,Insect Media,"Parikka, Jussi",Unknown,,English,Book,9780816662555.0,,,,,to_read,,,2026-02-02T12:39:36.085435,2026-02-02T12:39:36.085435
98,A Geology of Media,"Parikka, Jussi",Unknown,,English,Book,9780816695515.0,,,,,to_read,,,2026-02-02T12:39:36.085435,2026-02-02T12:39:36.085435
99,The Costs of Connection,"Couldry, Nick",Unknown,,English,Book,9781509509711.0,,,,,to_read,,,2026-02-02T12:39:36.085435,2026-02-02T12:39:36.085435
100,"Media, Society, World","Couldry, Nick",Unknown,,English,Book,9781509507274.0,,,,,to_read,,,2026-02-02T12:39:36.085435,2026-02-02T12:39:36.085435
101,The Mediated Construction of Reality,"Couldry, Nick",Unknown,,English,Book,9781509516726.0,,,,,to_read,,,2026-02-02T12:39:36.085435,2026-02-02T12:39:36.085435
102,Media Rituals,"Couldry, Nick",Unknown,,English,Book,9780415207000.0,,,,,to_read,,,2026-02-02T12:39:36.085435,2026-02-02T12:39:36.085435
103,Publicity's Secret,"Dean, Jodi",Unknown,,English,Book,9780804737463.0,,,,,to_read,,,2026-02-02T12:39:36.085435,2026-02-02T12:39:36.085435
104,Blog Theory,"Dean, Jodi",Unknown,,English,Book,9780745639970.0,,,,,to_read,,,2026-02-02T12:39:36.085435,2026-02-02T12:39:36.085435
105,Crowds and Party,"Dean, Jodi",Unknown,,English,Book,9781784780448.0,,,,,to_read,,,2026-02-02T12:39:36.085435,2026-02-02T12:39:36.085435
106,Infoglut,"Andrejevic, Mark",Unknown,,English,Book,9780415806227.0,,,,,to_read,,,2026-02-02T12:39:36.085435,2026-02-02T12:39:36.085435
107,Automated Media,"Andrejevic, Mark",Unknown,,English,Book,9781138689625.0,,,,,to_read,,,2026-02-02T12:39:36.085435,2026-02-02T12:39:36.085435
108,In the Age of the Smart Machine,"Zuboff, Shoshana",Unknown,,English,Book,9780465046818.0,,,,,to_read,,,2026-02-02T12:39:36.085435,2026-02-02T12:39:36.085435
109,The Black Box Society,"Pasquale, Frank",Unknown,,English,Book,9780674970847.0,,,,,to_read,,,2026-02-02T12:39:36.085435,2026-02-02T12:39:36.085435
110,New Laws of Robotics,"Pasquale, Frank",Unknown,,English,Book,9780674975224.0,,,,,to_read,,,2026-02-02T12:39:36.085435,2026-02-02T12:39:36.085435
111,Weapons of Math Destruction,"O'Neil, Cathy",Unknown,,English,Book,9780553418811.0,,,,,to_read,,,2026-02-02T12:39:36.085435,2026-02-02T12:39:36.085435
112,Automating Inequality,"Eubanks, Virginia",Unknown,,English,Book,9781250074317.0,,,,,to_read,,,2026-02-02T12:39:36.085435,2026-02-02T12:39:36.085435
113,Race After Technology,"Benjamin, Ruha",Unknown,,English,Book,9781509526404.0,,,,,to_read,,,2026-02-02T12:39:36.085435,2026-02-02T12:39:36.085435
114,Algorithms of Oppression,"Noble, Safiya Umoja",Unknown,,English,Book,9781479837243.0,,,,,to_read,,,2026-02-02T12:39:36.085435,2026-02-02T12:39:36.085435
115,Ghost Work,"Gray, Mary L.",Unknown,,English,Book,9780544952734.0,,,,,to_read,,,2026-02-02T12:39:36.085435,2026-02-02T12:39:36.085435
116,Atlas of AI,"Crawford, Kate",Unknown,,English,Book,9780300209570.0,,,,,to_read,,,2026-02-02T12:39:36.085435,2026-02-02T12:39:36.085435
117,Artificial Unintelligence,"Broussard, Meredith",Unknown,,English,Book,9780262537018.0,,,,,to_read,,,2026-02-02T12:39:36.085435,2026-02-02T12:39:36.085435
118,Cloud Ethics,"Amoore, Louise",Unknown,,English,Book,9781474450287.0,,,,,to_read,,,2026-02-02T12:39:36.085435,2026-02-02T12:39:36.085435
119,The Politics of Possibility,"Amoore, Louise",Unknown,,English,Book,9780822337683.0,,,,,to_read,,,2026-02-02T12:39:36.085435,2026-02-02T12:39:36.085435
120,Governing by Algorithms,"Rouvroy, Antoinette",Unknown,,English,Book,9781786603240.0,,,,,to_read,,,2026-02-02T12:39:36.085435,2026-02-02T12:39:36.085435
121,Discriminating Data,"Chun, Wendy Hui Kyong",Unknown,,English,Book,9780262043960.0,,,,,to_read,,,2026-02-02T12:39:36.085435,2026-02-02T12:39:36.085435
122,Governing Algorithms,"Ziewitz, Malte",Unknown,,English,Book,9780262039215.0,,,,,to_read,,,2026-02-02T12:39:36.085435,2026-02-02T12:39:36.085435
123,Metric Power,"Beer, David",Unknown,,English,Book,9781138646604.0,,,,,to_read,,,2026-02-02T12:39:36.085435,2026-02-02T12:39:36.085435
124,The Ordinal Society,"Fourcade, Marion",Unknown,,English,Book,9780674972872.0,,,,,to_read,,,2026-02-02T12:39:36.085435,2026-02-02T12:39:36.085435
125,One-Way Street,"Benjamin, Walter",Unknown,,English,Book,9781847495945.0,,,,,to_read,,,2026-02-02T12:39:36.085435,2026-02-02T12:39:36.085435
126,Berlin Childhood around 1900,"Benjamin, Walter",Unknown,,English,Book,9780674005907.0,,,,,to_read,,,2026-02-02T12:39:36.085435,2026-02-02T12:39:36.085435
127,Minima Moralia,"Adorno, Theodor W.",Unknown,,English,Book,9781847493668.0,,,,,to_read,,,2026-02-02T12:39:36.085435,2026-02-02T12:39:36.085435
128,Dialectic of Enlightenment,"Adorno, Theodor W.",Unknown,,English,Book,9780807051231.0,,,,,to_read,,,2026-02-02T12:39:36.085435,2026-02-02T12:39:36.085435
129,Negative Dialectics,"Adorno, Theodor W.",Unknown,,English,Book,9780826492319.0,,,,,to_read,,,2026-02-02T12:39:36.085435,2026-02-02T12:39:36.085435
130,Eclipse of Reason,"Horkheimer, Max",Unknown,,English,Book,9780826491671.0,,,,,to_read,,,2026-02-02T12:39:36.085435,2026-02-02T12:39:36.085435
131,One-Dimensional Man,"Marcuse, Herbert",Unknown,,English,Book,9780807015462.0,,,,,to_read,,,2026-02-02T12:39:36.085435,2026-02-02T12:39:36.085435
132,Eros and Civilization,"Marcuse, Herbert",Unknown,,English,Book,9780807015554.0,,,,,to_read,,,2026-02-02T12:39:36.085435,2026-02-02T12:39:36.085435
133,An Essay on Liberation,"Marcuse, Herbert",Unknown,,English,Book,9780807015196.0,,,,,to_read,,,2026-02-02T12:39:36.085435,2026-02-02T12:39:36.085435
134,Escape from Freedom,"Fromm, Erich",Unknown,,English,Book,9780805031495.0,,,,,to_read,,,2026-02-02T12:39:36.085435,2026-02-02T12:39:36.085435
135,The Sane Society,"Fromm, Erich",Unknown,,English,Book,9780805036360.0,,,,,to_read,,,2026-02-02T12:39:36.085435,2026-02-02T12:39:36.085435
136,Ideology and Ideological State Apparatuses,"Althusser, Louis",Unknown,,English,Book,9781781682356.0,,,,,to_read,,,2026-02-02T12:39:36.085435,2026-02-02T12:39:36.085435
137,Selections from the Prison Notebooks,"Gramsci, Antonio",Unknown,,English,Book,9780717803972.0,,,,,to_read,,,2026-02-02T12:39:36.085435,2026-02-02T12:39:36.085435
138,History and Class Consciousness,"Lukács, Georg",Unknown,,English,Book,9780262620208.0,,,,,to_read,,,2026-02-02T12:39:36.085435,2026-02-02T12:39:36.085435
139,Television: Technology and Cultural Form,"Williams, Raymond",Unknown,,English,Book,9780415314562.0,,,,,to_read,,,2026-02-02T12:39:36.085435,2026-02-02T12:39:36.085435
140,Marxism and Literature,"Williams, Raymond",Unknown,,English,Book,9780198760654.0,,,,,to_read,,,2026-02-02T12:39:36.085435,2026-02-02T12:39:36.085435
141,Representation,"Hall, Stuart",Unknown,,English,Book,9780761954323.0,,,,,to_read,,,2026-02-02T12:39:36.085435,2026-02-02T12:39:36.085435
142,Policing the Crisis,"Hall, Stuart",Unknown,,English,Book,9780335239494.0,,,,,to_read,,,2026-02-02T12:39:36.085435,2026-02-02T12:39:36.085435
143,Can the Subaltern Speak?,"Spivak, Gayatri Chakravorty",Unknown,,English,Book,9780231143852.0,,,,,to_read,,,2026-02-02T12:39:36.085435,2026-02-02T12:39:36.085435
144,Orientalism,"Said, Edward W.",Unknown,,English,Book,9780394740676.0,,,,,to_read,,,2026-02-02T12:39:36.085435,2026-02-02T12:39:36.085435
145,Necropolitics,"Mbembe, Achille",Unknown,,English,Book,9780822373995.0,,,,,to_read,,,2026-02-02T12:39:36.085435,2026-02-02T12:39:36.085435
146,Gender Trouble,"Butler, Judith",Unknown,,English,Book,9780415389553.0,,,,,to_read,,,2026-02-02T12:39:36.085435,2026-02-02T12:39:36.085435
147,Bodies That Matter,"Butler, Judith",Unknown,,English,Book,9780415610152.0,,,,,to_read,,,2026-02-02T12:39:36.085435,2026-02-02T12:39:36.085435
148,Frames of War,"Butler, Judith",Unknown,,English,Book,9781844673339.0,,,,,to_read,,,2026-02-02T12:39:36.085435,2026-02-02T12:39:36.085435
149,The Politics of Aesthetics,"Rancière, Jacques",Unknown,,English,Book,9780826456403.0,,,,,to_read,,,2026-02-02T12:39:36.085435,2026-02-02T12:39:36.085435
150,Disagreement,"Rancière, Jacques",Unknown,,English,Book,9780816631651.0,,,,,to_read,,,2026-02-02T12:39:36.085435,2026-02-02T12:39:36.085435
151,The Emancipated Spectator,"Rancière, Jacques",Unknown,,English,Book,9781844677719.0,,,,,to_read,,,2026-02-02T12:39:36.085435,2026-02-02T12:39:36.085435
152,Distinction,"Bourdieu, Pierre",Unknown,,English,Book,9780674212770.0,,,,,to_read,,,2026-02-02T12:39:36.085435,2026-02-02T12:39:36.085435
153,Outline of a Theory of Practice,"Bourdieu, Pierre",Unknown,,English,Book,9780521291644.0,,,,,to_read,,,2026-02-02T12:39:36.085435,2026-02-02T12:39:36.085435
154,The Logic of Practice,"Bourdieu, Pierre",Unknown,,English,Book,9780804720116.0,,,,,to_read,,,2026-02-02T12:39:36.085435,2026-02-02T12:39:36.085435
155,The Production of Space,"Lefebvre, Henri",Unknown,,English,Book,9780631181774.0,,,,,to_read,,,2026-02-02T12:39:36.085435,2026-02-02T12:39:36.085435
156,Critique of Everyday Life,"Lefebvre, Henri",Unknown,,English,Book,9781844671458.0,,,,,to_read,,,2026-02-02T12:39:36.085435,2026-02-02T12:39:36.085435
157,The Practice of Everyday Life,"De Certeau, Michel",Unknown,,English,Book,9780521273985.0,,,,,to_read,,,2026-02-02T12:39:36.085435,2026-02-02T12:39:36.085435
158,The Metropolis and Mental Life,"Simmel, Georg",Unknown,,English,Book,9780226757724.0,,,,,to_read,,,2026-02-02T12:39:36.085435,2026-02-02T12:39:36.085435
159,The Protestant Ethic and the Spirit of Capitalism,"Weber, Max",Unknown,,English,Book,9780415254066.0,,,,,to_read,,,2026-02-02T12:39:36.085435,2026-02-02T12:39:36.085435
160,The Great Transformation,"Polanyi, Karl",Unknown,,English,Book,9780807056434.0,,,,,to_read,,,2026-02-02T12:39:36.085435,2026-02-02T12:39:36.085435
161,"Postmodernism, or, The Cultural Logic of Late Capitalism","Jameson, Fredric",Unknown,,English,Book,9780822310907.0,,,,,to_read,,,2026-02-02T12:39:36.085435,2026-02-02T12:39:36.085435
162,The Political Unconscious,"Jameson, Fredric",Unknown,,English,Book,9780807842211.0,,,,,to_read,,,2026-02-02T12:39:36.085435,2026-02-02T12:39:36.085435
163,Archaeologies of the Future,"Jameson, Fredric",Unknown,,English,Book,9781844670222.0,,,,,to_read,,,2026-02-02T12:39:36.085435,2026-02-02T12:39:36.085435
164,The Sublime Object of Ideology,"Žižek, Slavoj",Unknown,,English,Book,9781859843887.0,,,,,to_read,,,2026-02-02T12:39:36.085435,2026-02-02T12:39:36.085435
165,Welcome to the Desert of the Real,"Žižek, Slavoj",Unknown,,English,Book,9781844670338.0,,,,,to_read,,,2026-02-02T12:39:36.085435,2026-02-02T12:39:36.085435
166,Living in the End Times,"Žižek, Slavoj",Unknown,,English,Book,9781844677023.0,,,,,to_read,,,2026-02-02T12:39:36.085435,2026-02-02T12:39:36.085435
167,Futurability,"Berardi, Franco",Unknown,,English,Book,9781780994252.0,,,,,to_read,,,2026-02-02T12:39:36.085435,2026-02-02T12:39:36.085435
168,Empire,"Hardt, Michael",Unknown,,English,Book,9780674506718.0,,,,,to_read,,,2026-02-02T12:39:36.085435,2026-02-02T12:39:36.085435
169,Multitude,"Hardt, Michael",Unknown,,English,Book,9781594200246.0,,,,,to_read,,,2026-02-02T12:39:36.085435,2026-02-02T12:39:36.085435
170,Commonwealth,"Hardt, Michael",Unknown,,English,Book,9780674060920.0,,,,,to_read,,,2026-02-02T12:39:36.085435,2026-02-02T12:39:36.085435
171,Insurgencies,"Negri, Antonio",Unknown,,English,Book,9780816649069.0,,,,,to_read,,,2026-02-02T12:39:36.085435,2026-02-02T12:39:36.085435
172,Time for Revolution,"Negri, Antonio",Unknown,,English,Book,9780822336174.0,,,,,to_read,,,2026-02-02T12:39:36.085435,2026-02-02T12:39:36.085435
173,A Grammar of the Multitude,"Virno, Paolo",Unknown,,English,Book,9781584350354.0,,,,,to_read,,,2026-02-02T12:39:36.085435,2026-02-02T12:39:36.085435
174,Multitude,"Virno, Paolo",Unknown,,English,Book,9780262720410.0,,,,,to_read,,,2026-02-02T12:39:36.085435,2026-02-02T12:39:36.085435
175,The Making of the Indebted Man,"Lazzarato, Maurizio",Unknown,,English,Book,9781584350941.0,,,,,to_read,,,2026-02-02T12:39:36.085435,2026-02-02T12:39:36.085435
176,Governing by Debt,"Lazzarato, Maurizio",Unknown,,English,Book,9780262529280.0,,,,,to_read,,,2026-02-02T12:39:36.085435,2026-02-02T12:39:36.085435
177,"Black Skin, White Masks","Fanon, Frantz",Unknown,,English,Book,9780802143009.0,,,,,to_read,,,2026-02-02T12:39:36.085435,2026-02-02T12:39:36.085435
178,The Wretched of the Earth,"Fanon, Frantz",Unknown,,English,Book,9780802141326.0,,,,,to_read,,,2026-02-02T12:39:36.085435,2026-02-02T12:39:36.085435
179,Discourse on Colonialism,"Césaire, Aimé",Unknown,,English,Book,9781583670255.0,,,,,to_read,,,2026-02-02T12:39:36.085435,2026-02-02T12:39:36.085435
180,Unsettling the Coloniality of Being,"Wynter, Sylvia",Unknown,,English,Book,nan,,,,,to_read,,,2026-02-02T12:39:36.085435,2026-02-02T12:39:36.085435
181,On the Postcolony,"Mbembe, Achille",Unknown,,English,Book,9780520204355.0,,,,,to_read,,,2026-02-02T12:39:36.085435,2026-02-02T12:39:36.085435
182,The Black Atlantic,"Gilroy, Paul",Unknown,,English,Book,9780674076068.0,,,,,to_read,,,2026-02-02T12:39:36.085435,2026-02-02T12:39:36.085435
183,Cultural Identity and Diaspora,"Hall, Stuart",Unknown,,English,Book,nan,,,,,to_read,,,2026-02-02T12:39:36.085435,2026-02-02T12:39:36.085435
184,Ain’t I a Woman,"hooks, bell",Unknown,,English,Book,9780896081307.0,,,,,to_read,,,2026-02-02T12:39:36.085435,2026-02-02T12:39:36.085435
185,Teaching to Transgress,"hooks, bell",Unknown,,English,Book,9780415908082.0,,,,,to_read,,,2026-02-02T12:39:36.085435,2026-02-02T12:39:36.085435
186,Mapping the Margins,"Crenshaw, Kimberlé",Unknown,,English,Book,nan,,,,,to_read,,,2026-02-02T12:39:36.085435,2026-02-02T12:39:36.085435
187,The Cultural Politics of Emotion,"Ahmed, Sara",Unknown,,English,Book,9780748610994.0,,,,,to_read,,,2026-02-02T12:39:36.085435,2026-02-02T12:39:36.085435
188,Queer Phenomenology,"Ahmed, Sara",Unknown,,English,Book,9780826497888.0,,,,,to_read,,,2026-02-02T12:39:36.085435,2026-02-02T12:39:36.085435
189,Cruising Utopia,"Muñoz, José Esteban",Unknown,,English,Book,9780816674634.0,,,,,to_read,,,2026-02-02T12:39:36.085435,2026-02-02T12:39:36.085435
190,Disidentifications,"Muñoz, José Esteban",Unknown,,English,Book,9780816642688.0,,,,,to_read,,,2026-02-02T12:39:36.085435,2026-02-02T12:39:36.085435
191,Cruel Optimism,"Berlant, Lauren",Unknown,,English,Book,9780822348078.0,,,,,to_read,,,2026-02-02T12:39:36.085435,2026-02-02T12:39:36.085435
192,The Female Complaint,"Berlant, Lauren",Unknown,,English,Book,9780822335306.0,,,,,to_read,,,2026-02-02T12:39:36.085435,2026-02-02T12:39:36.085435
193,The Empire of Love,"Povinelli, Elizabeth",Unknown,,English,Book,9780822337980.0,,,,,to_read,,,2026-02-02T12:39:36.085435,2026-02-02T12:39:36.085435
194,Geontologies,"Povinelli, Elizabeth",Unknown,,English,Book,9780822371311.0,,,,,to_read,,,2026-02-02T12:39:36.085435,2026-02-02T12:39:36.085435
195,The Mushroom at the End of the World,"Tsing, Anna",Unknown,,English,Book,9780691178325.0,,,,,to_read,,,2026-02-02T12:39:36.085435,2026-02-02T12:39:36.085435
196,Friction,"Tsing, Anna",Unknown,,English,Book,9780691120652.0,,,,,to_read,,,2026-02-02T12:39:36.085435,2026-02-02T12:39:36.085435
197,"Debt: The First 5,000 Years","Graeber, David",Unknown,,English,Book,9781612191294.0,,,,,to_read,,,2026-02-02T12:39:36.085435,2026-02-02T12:39:36.085435
198,Bullshit Jobs,"Graeber, David",Unknown,,English,Book,9781501143319.0,,,,,to_read,,,2026-02-02T12:39:36.085435,2026-02-02T12:39:36.085435
199,"Territory, Authority, Rights","Sassen, Saskia",Unknown,,English,Book,9780691120690.0,,,,,to_read,,,2026-02-02T12:39:36.085435,2026-02-02T12:39:36.085435
200,Expulsions,"Sassen, Saskia",Unknown,,English,Book,9780674369764.0,,,,,to_read,,,2026-02-02T12:39:36.085435,2026-02-02T12:39:36.085435
201,Cities in a World Economy,"Sassen, Saskia",Unknown,,English,Book,9781452230250.0,,,,,to_read,,,2026-02-02T12:39:36.085435,2026-02-02T12:39:36.085435
202,The Rise of the Network Society,"Castells, Manuel",Unknown,,English,Book,9781405196864.0,,,,,to_read,,,2026-02-02T12:39:36.085435,2026-02-02T12:39:36.085435
203,The Power of Identity,"Castells, Manuel",Unknown,,English,Book,9781405196871.0,,,,,to_read,,,2026-02-02T12:39:36.085435,2026-02-02T12:39:36.085435
204,End of Millennium,"Castells, Manuel",Unknown,,English,Book,9781405196888.0,,,,,to_read,,,2026-02-02T12:39:36.085435,2026-02-02T12:39:36.085435
205,Platform Capitalism,"Srnicek, Nick",Unknown,,English,Book,9781509504860.0,,,,,to_read,,,2026-02-02T12:39:36.085435,2026-02-02T12:39:36.085435
206,"To Save Everything, Click Here","Morozov, Evgeny",Unknown,,English,Book,9781610391382.0,,,,,to_read,,,2026-02-02T12:39:36.085435,2026-02-02T12:39:36.085435
207,The Net Delusion,"Morozov, Evgeny",Unknown,,English,Book,9781610391061.0,,,,,to_read,,,2026-02-02T12:39:36.085435,2026-02-02T12:39:36.085435
208,The Googlization of Everything,"Vaidhyanathan, Siva",Unknown,,English,Book,9780520268821.0,,,,,to_read,,,2026-02-02T12:39:36.085435,2026-02-02T12:39:36.085435
209,Antisocial Media,"Vaidhyanathan, Siva",Unknown,,English,Book,9780190054126.0,,,,,to_read,,,2026-02-02T12:39:36.085435,2026-02-02T12:39:36.085435
210,Surveillance Capitalism (abridged ed.),"Zoff, Shoshana",Unknown,,English,Book,nan,,,,,to_read,,,2026-02-02T12:39:36.085435,2026-02-02T12:39:36.085435
211,You Are Not a Gadget,"Lanier, Jaron",Unknown,,English,Book,9780307269645.0,,,,,to_read,,,2026-02-02T12:39:36.085435,2026-02-02T12:39:36.085435
212,Ten Arguments for Deleting Your Social Media Accounts Right Now,"Lanier, Jaron",Unknown,,English,Book,9781250196682.0,,,,,to_read,,,2026-02-02T12:39:36.085435,2026-02-02T12:39:36.085435
213,Superintelligence,"Bostrom, Nick",Unknown,,English,Book,9780198739834.0,,,,,to_read,,,2026-02-02T12:39:36.085435,2026-02-02T12:39:36.085435
214,Human Compatible,"Russell, Stuart",Unknown,,English,Book,9780525558613.0,,,,,to_read,,,2026-02-02T12:39:36.085435,2026-02-02T12:39:36.085435
215,The Ethics of Information,"Floridi, Luciano",Unknown,,English,Book,9780199641327.0,,,,,to_read,,,2026-02-02T12:39:36.085435,2026-02-02T12:39:36.085435
216,The Fourth Revolution,"Floridi, Luciano",Unknown,,English,Book,9780198719362.0,,,,,to_read,,,2026-02-02T12:39:36.085435,2026-02-02T12:39:36.085435
217,The Eye of the Master,"Pasquale, Frank",Unknown,,English,Book,9780262046152.0,,,,,to_read,,,2026-02-02T12:39:36.085435,2026-02-02T12:39:36.085435
218,There Is No Software,"Kittler, Friedrich",Unknown,,English,Book,nan,,,,,to_read,,,2026-02-02T12:39:36.085435,2026-02-02T12:39:36.085435
219,Art and Cosmotechnics,"Hui, Yuk",Unknown,,English,Book,9781509546676.0,,,,,to_read,,,2026-02-02T12:39:36.085435,2026-02-02T12:39:36.085435
220,Algorithmic Capitalism,"Parisi, Luciana",Unknown,,English,Book,nan,,,,,to_read,,,2026-02-02T12:39:36.085435,2026-02-02T12:39:36.085435
221,Red Stack Attack!,"Terranova, Tiziana",Unknown,,English,Book,9780262039161.0,,,,,to_read,,,2026-02-02T12:39:36.085435,2026-02-02T12:39:36.085435
222,Cybernetic Hypothesis,"Galloway, Alexander",Unknown,,English,Book,9781517905400.0,,,,,to_read,,,2026-02-02T12:39:36.085435,2026-02-02T12:39:36.085435
223,Programmed Visions,"Chun, Wendy Hui Kyong",Unknown,,English,Book,9780262533287.0,,,,,to_read,,,2026-02-02T12:39:36.085435,2026-02-02T12:39:36.085435
224,Algorithmic War,"Amoore, Louise",Unknown,,English,Book,9781107562045.0,,,,,to_read,,,2026-02-02T12:39:36.085435,2026-02-02T12:39:36.085435
225,The Costs of Connection,"Couldry, Nick",Unknown,,English,Book,9781509509711.0,,,,,to_read,,,2026-02-02T12:39:36.085435,2026-02-02T12:39:36.085435
226,"Media, Society, World","Couldry, Nick",Unknown,,English,Book,9781509507274.0,,,,,to_read,,,2026-02-02T12:39:36.085435,2026-02-02T12:39:36.085435
227,Why Voice Matters,"Couldry, Nick",Unknown,,English,Book,9781446258424.0,,,,,to_read,,,2026-02-02T12:39:36.085435,2026-02-02T12:39:36.085435
228,Why Study the Media?,"Silverstone, Roger",Unknown,,English,Book,9781446202182.0,,,,,to_read,,,2026-02-02T12:39:36.085435,2026-02-02T12:39:36.085435
229,Media Rituals,"Couldry, Nick",Unknown,,English,Book,9780415207000.0,,,,,to_read,,,2026-02-02T12:39:36.085435,2026-02-02T12:39:36.085435
230,Making Sense of Television,"Livingstone, Sonia",Unknown,,English,Book,9780415140659.0,,,,,to_read,,,2026-02-02T12:39:36.085435,2026-02-02T12:39:36.085435
231,Encoding and Decoding in the Television Discourse,"Hall, Stuart",Unknown,,English,Book,nan,,,,,to_read,,,2026-02-02T12:39:36.085435,2026-02-02T12:39:36.085435
232,Culture and Society,"Williams, Raymond",Unknown,,English,Book,9780231121737.0,,,,,to_read,,,2026-02-02T12:39:36.085435,2026-02-02T12:39:36.085435
233,Keywords,"Williams, Raymond",Unknown,,English,Book,9780192801643.0,,,,,to_read,,,2026-02-02T12:39:36.085435,2026-02-02T12:39:36.085435
234,The Making of the English Working Class,"Thompson, E. P.",Unknown,,English,Book,9780394703220.0,,,,,to_read,,,2026-02-02T12:39:36.085435,2026-02-02T12:39:36.085435
235,The Age of Extremes,"Hobsbawm, Eric",Unknown,,English,Book,9780679730057.0,,,,,to_read,,,2026-02-02T12:39:36.085435,2026-02-02T12:39:36.085435
236,Industry and Empire,"Hobsbawm, Eric",Unknown,,English,Book,9780140137562.0,,,,,to_read,,,2026-02-02T12:39:36.085435,2026-02-02T12:39:36.085435
237,The Great Transformation,"Polanyi, Karl",Unknown,,English,Book,9780807056434.0,,,,,to_read,,,2026-02-02T12:39:36.085435,2026-02-02T12:39:36.085435
238,The Long Twentieth Century,"Arrighi, Giovanni",Unknown,,English,Book,9781859842156.0,,,,,to_read,,,2026-02-02T12:39:36.085435,2026-02-02T12:39:36.085435
239,The Modern World-System I,"Wallerstein, Immanuel",Unknown,,English,Book,9780520267572.0,,,,,to_read,,,2026-02-02T12:39:36.085435,2026-02-02T12:39:36.085435
240,The Modern World-System II,"Wallerstein, Immanuel",Unknown,,English,Book,9780520267596.0,,,,,to_read,,,2026-02-02T12:39:36.085435,2026-02-02T12:39:36.085435
241,The Modern World-System III,"Wallerstein, Immanuel",Unknown,,English,Book,9780520267602.0,,,,,to_read,,,2026-02-02T12:39:36.085435,2026-02-02T12:39:36.085435
242,The Condition of Postmodernity,"Harvey, David",Unknown,,English,Book,9780631162940.0,,,,,to_read,,,2026-02-02T12:39:36.085435,2026-02-02T12:39:36.085435
243,A Brief History of Neoliberalism,"Harvey, David",Unknown,,English,Book,9780199283271.0,,,,,to_read,,,2026-02-02T12:39:36.085435,2026-02-02T12:39:36.085435
244,Spaces of Hope,"Harvey, David",Unknown,,English,Book,9780521675505.0,,,,,to_read,,,2026-02-02T12:39:36.085435,2026-02-02T12:39:36.085435
245,Rebel Cities,"Harvey, David",Unknown,,English,Book,9781844678822.0,,,,,to_read,,,2026-02-02T12:39:36.085435,2026-02-02T12:39:36.085435
246,The Corrosion of Character,"Sennett, Richard",Unknown,,English,Book,9780393310719.0,,,,,to_read,,,2026-02-02T12:39:36.085435,2026-02-02T12:39:36.085435
247,The Craftsman,"Sennett, Richard",Unknown,,English,Book,9780300108323.0,,,,,to_read,,,2026-02-02T12:39:36.085435,2026-02-02T12:39:36.085435
248,Together,"Sennett, Richard",Unknown,,English,Book,9780300190663.0,,,,,to_read,,,2026-02-02T12:39:36.085435,2026-02-02T12:39:36.085435
249,Liquid Modernity,"Bauman, Zygmunt",Unknown,,English,Book,9780745624105.0,,,,,to_read,,,2026-02-02T12:39:36.085435,2026-02-02T12:39:36.085435
250,Liquid Life,"Bauman, Zygmunt",Unknown,,English,Book,9780745655307.0,,,,,to_read,,,2026-02-02T12:39:36.085435,2026-02-02T12:39:36.085435
251,Liquid Fear,"Bauman, Zygmunt",Unknown,,English,Book,9780745635552.0,,,,,to_read,,,2026-02-02T12:39:36.085435,2026-02-02T12:39:36.085435
252,Liquid Times,"Bauman, Zygmunt",Unknown,,English,Book,9780745648576.0,,,,,to_read,,,2026-02-02T12:39:36.085435,2026-02-02T12:39:36.085435
253,Social Acceleration,"Rosa, Hartmut",Unknown,,English,Book,9780231148345.0,,,,,to_read,,,2026-02-02T12:39:36.085435,2026-02-02T12:39:36.085435
254,Resonance,"Rosa, Hartmut",Unknown,,English,Book,9781509519925.0,,,,,to_read,,,2026-02-02T12:39:36.085435,2026-02-02T12:39:36.085435
255,The Burnout Society,"Han, Byung-Chul",Unknown,,English,Book,9780804795091.0,,,,,to_read,,,2026-02-02T12:39:36.085435,2026-02-02T12:39:36.085435
256,Psychopolitics,"Han, Byung-Chul",Unknown,,English,Book,9781784785771.0,,,,,to_read,,,2026-02-02T12:39:36.085435,2026-02-02T12:39:36.085435
257,In the Swarm,"Han, Byung-Chul",Unknown,,English,Book,9780262529136.0,,,,,to_read,,,2026-02-02T12:39:36.085435,2026-02-02T12:39:36.085435
258,"Automatic Society, Vol. 2","Stiegler, Bernard",Unknown,,English,Book,9781509512445.0,,,,,to_read,,,2026-02-02T12:39:36.085435,2026-02-02T12:39:36.085435
259,Breathing,"Berardi, Franco",Unknown,,English,Book,9781584351910.0,,,,,to_read,,,2026-02-02T12:39:36.085435,2026-02-02T12:39:36.085435
260,Heroes,"Berardi, Franco",Unknown,,English,Book,9781780992975.0,,,,,to_read,,,2026-02-02T12:39:36.085435,2026-02-02T12:39:36.085435
261,Comrade,"Dean, Jodi",Unknown,,English,Book,9781788732504.0,,,,,to_read,,,2026-02-02T12:39:36.085435,2026-02-02T12:39:36.085435
262,"Organize, Fight, Win","Dean, Jodi",Unknown,,English,Book,9781788730470.0,,,,,to_read,,,2026-02-02T12:39:36.085435,2026-02-02T12:39:36.085435
263,Assembly,"Hardt, Michael",Unknown,,English,Book,9780190947039.0,,,,,to_read,,,2026-02-02T12:39:36.085435,2026-02-02T12:39:36.085435
264,The Utopia of Rules,"Graeber, David",Unknown,,English,Book,9781612193755.0,,,,,to_read,,,2026-02-02T12:39:36.085435,2026-02-02T12:39:36.085435
265,After Work,"Srnicek, Nick",Unknown,,English,Book,9781784780288.0,,,,,to_read,,,2026-02-02T12:39:36.085435,2026-02-02T12:39:36.085435
266,Inventing the Future,"Williams, Alex",Unknown,,English,Book,9781784780967.0,,,,,to_read,,,2026-02-02T12:39:36.085435,2026-02-02T12:39:36.085435
267,Postcapitalism,"Mason, Paul",Unknown,,English,Book,9780374536732.0,,,,,to_read,,,2026-02-02T12:39:36.085435,2026-02-02T12:39:36.085435
268,Platform Socialism,"Srnicek, Nick",Unknown,,English,Book,9781509547130.0,,,,,to_read,,,2026-02-02T12:39:36.085435,2026-02-02T12:39:36.085435
269,New Dark Age,"Bridle, James",Unknown,,English,Book,9781785030269.0,,,,,to_read,,,2026-02-02T12:39:36.085435,2026-02-02T12:39:36.085435
270,Ways of Being,"Bridle, James",Unknown,,English,Book,9780374604486.0,,,,,to_read,,,2026-02-02T12:39:36.085435,2026-02-02T12:39:36.085435
271,Necromedia,"O'Gorman, Marcel",Unknown,,English,Book,9780816679578.0,,,,,to_read,,,2026-02-02T12:39:36.085435,2026-02-02T12:39:36.085435
272,Operational Images,"Parikka, Jussi",Unknown,,English,Book,9780262045315.0,,,,,to_read,,,2026-02-02T12:39:36.085435,2026-02-02T12:39:36.085435
273,Control and Freedom,"Chun, Wendy Hui Kyong",Unknown,,English,Book,9780262532754.0,,,,,to_read,,,2026-02-02T12:39:36.085435,2026-02-02T12:39:36.085435
274,The Eye of the Master,"Pasquinelli, Matteo",Unknown,,English,Book,9781784789021.0,,,,,to_read,,,2026-02-02T12:39:36.085435,2026-02-02T12:39:36.085435
